<?xml version="1.0" encoding="UTF-8"?>
<!-- Copyright (c) 2022 Huawei Device Co., Ltd.
     Licensed under the Apache License, Version 2.0 (the "License");
     you may not use this file except in compliance with the License.
     You may obtain a copy of the License at

          http://www.apache.org/licenses/LICENSE-2.0

     Unless required by applicable law or agreed to in writing, software
     distributed under the License is distributed on an "AS IS" BASIS,
     WITHOUT WARRANTIES OR CONDITIONS OF ANY KIND, either express or implied.
     See the License for the specific language governing permissions and
     limitations under the License.

    This is the configuration file template for OpenHarmony OSS Audit Tool, please copy it to your project root dir and modify it refer to OpenHarmony/tools_oat/README.

-->

<configuration>
    <oatconfig>
        <licensefile></licensefile>
        <policylist>
            <policy name="projectPolicy" desc="">
                <!--policyitem type="compatibility" name="GPL-2.0+" path="abc/.*" desc="Process that runs independently, invoked by the X process."/-->
                <!--policyitem type="license" name="LGPL" path="abc/.*" desc="Dynamically linked by module X"/-->
                <!--policyitem type="copyright" name="xxx" path="abc/.*" rule="may" group="defaultGroup" filefilter="copyrightPolicyFilter" desc="Developed by X Company"/-->
            </policy>
        </policylist>
        <filefilterlist>
            <filefilter name="defaultFilter" desc="Files not to check">
                <filteritem type="filename" name="*.json" desc=""/>
                <filteritem type="filename" name="hvigorfile.js" desc="hvigorfile.js no need to add policy"/>
                <filteritem type="filepath" name="gradle/wrapper/.*.jar" desc="out put files"/>
                <filteritem type="filepath" name="dir name underproject/.*.uvwxyz" desc="Describe the reason for filtering scan results"/>
                <filteritem type="filepath" name="projectroot/[a-zA-Z0-9]{20,}.sh" desc="Temp files"/>
                <filteritem type="filepath" name="hvigor/.*.js" desc="Compile automatically generated files"/>
            </filefilter>
            <filefilter name="defaultPolicyFilter" desc="Filters for compatibility，license header policies">
            </filefilter>
            <filefilter name="copyrightPolicyFilter" desc="Filters for copyright header policies">
                <filteritem type="filepath" name="hvigor/.*.js" desc="Compile automatically generated files"/>
            </filefilter>
            <filefilter name="licenseFileNamePolicyFilter" desc="Filters for LICENSE file policies">
                <filteritem type="filepath" name="hvigor/.*.js" desc="Compile automatically generated files"/>
            </filefilter>
            <filefilter name="readmeFileNamePolicyFilter" desc="Filters for README file policies">
            </filefilter>
            <filefilter name="readmeOpenSourcefileNamePolicyFilter" desc="Filters for README.OpenSource file policies">
            </filefilter>
            <filefilter name="binaryFileTypePolicyFilter" desc="Filters for binary file policies">
                <filteritem type="filepath" name="callui/src/main/ets/default/assets/picture/.*.png" desc="self developed image"/>
                <filteritem type="filepath" name="callui/src/main/ets/default/assets/picture/.*.svg" desc="self developed image"/>
                <filteritem type="filepath" name="callui/src/main/resources/base/media/.*.png" desc="self developed image"/>
                <filteritem type="filepath" name="callui/src/main/resources/base/media/.*.svg" desc="self developed image"/>
                <filteritem type="filepath" name="figures/.*.png" desc="self developed image"/>
                <filteritem type="filepath" name="doc/image/.*.png" desc="self developed image"/>
                <filteritem type="filepath" name="mobiledatasettings/src/main/resources/base/media/.*.png" desc="self developed image"/>
                <filteritem type="filepath" name="mobiledatasettings/src/main/resources/base/media/.*.svg" desc="self developed image"/>
                <filteritem type="filepath" name="entry/src/main/ets/assets/picture/.*.png" desc="self developed image"/>
                <filteritem type="filepath" name="AppScope/resources/base/media/app_icon.png" desc="self developed image"/>
            </filefilter>

        </filefilterlist>
        <licensematcherlist>
            <licensematcher name="uvwxyz License" desc="If the scanning result is InvalidLicense, you can define matching rules here. Note that quotation marks must be escaped.">
                <licensetext name="
                    uvwxyz license text xxxxxxxxxxxxxxxxxxxxxxxxxxxxxx
				 " desc=""/>
            </licensematcher>
        </licensematcherlist>
    </oatconfig>
</configuration>