{
    "string":[
        {
            "name":"SecurityTitle_mediaFiles",
            "value":"Acesso privado à Galeria",
            "attr":{
                "priority":"translate"
            }
        },
        {
            "name":"SecurityDescription_location",
            "value":"Para proteger sua privacidade, %s só poderá acessar brevemente sua localização quando você tocar em Permitir.",
            "attr":{
                "priority":"translate"
            }
        },
        {
            "name":"allow",
            "value":"Permitir",
            "attr":{
                "priority":"translate"
            }
        },
        {
            "name":"SecurityDescription_mediaFiles",
            "value":"Para proteger sua privacidade, %s só poderá acessar brevemente a sua Galeria para salvar itens quando você tocar em Permitir.",
            "attr":{
                "priority":"translate"
            }
        },
        {
            "name":"SecurityTitle_location",
            "value":"Acesso privado à localização",
            "attr":{
                "priority":"translate"
            }
        },
        {
            "name":"cancel",
            "value":"Cancelar",
            "attr":{
                "priority":"translate"
            }
        },
        {
            "name":"SecurityText_location",
            "value":"Para proteger sua privacidade, %1$s%2$s só poderá acessar brevemente sua localização quando você tocar em Permitir.",
            "attr":{
                "priority":"translate"
            }
        },
        {
            "name":"SecurityText_mediaFiles",
            "value":"Para proteger sua privacidade, %1$s%2$s só poderá acessar brevemente a sua Galeria para salvar itens quando você tocar em Permitir.",
            "attr":{
                "priority":"translate"
            }
        }
    ]
}