{
  "ohos-module-phone": {
    "SELECT_TARGET": "default",
    "MODULE_BUILD_DIR": "D:\\openharmony_ws\\OpenHarmony-5.0-Release\\applications_camera\\applications_camera\\product\\phone\\build",
    "DEPENDENCY_INFO": {
      "@ohos/multi": "D:\\openharmony_ws\\OpenHarmony-5.0-Release\\applications_camera\\applications_camera\\features\\multi",
      "@ohos/common": "D:\\openharmony_ws\\OpenHarmony-5.0-Release\\applications_camera\\applications_camera\\common",
      "@ohos/video": "D:\\openharmony_ws\\OpenHarmony-5.0-Release\\applications_camera\\applications_camera\\features\\video",
      "@ohos/photo": "D:\\openharmony_ws\\OpenHarmony-5.0-Release\\applications_camera\\applications_camera\\features\\photo",
      "@ohos/harcherOS": "D:\\openharmony_ws\\OpenHarmony-5.0-Release\\applications_camera\\applications_camera\\features\\archermind",
      "wings": "D:\\openharmony_ws\\OpenHarmony-5.0-Release\\applications_camera\\applications_camera\\oh_modules\\.ohpm\\wings@navz+b+tw9qstaupt1zmrrtu25jcevc6x+dgrqtctcs=\\oh_modules\\wings"
    },
    "TARGETS": {
      "default": {
        "SOURCE_ROOT": "D:\\openharmony_ws\\OpenHarmony-5.0-Release\\applications_camera\\applications_camera\\product\\phone\\src\\main",
        "RESOURCES_PATH": [
          "D:\\openharmony_ws\\OpenHarmony-5.0-Release\\applications_camera\\applications_camera\\product\\phone\\src\\main\\resources"
        ],
        "BUILD_PATH": {
          "OUTPUT_PATH": "D:\\openharmony_ws\\OpenHarmony-5.0-Release\\applications_camera\\applications_camera\\product\\phone\\build\\default\\outputs\\default",
          "INTERMEDIA_PATH": "D:\\openharmony_ws\\OpenHarmony-5.0-Release\\applications_camera\\applications_camera\\product\\phone\\build\\default\\intermediates",
          "JS_ASSETS_PATH": "D:\\openharmony_ws\\OpenHarmony-5.0-Release\\applications_camera\\applications_camera\\product\\phone\\build\\default\\intermediates\\loader_out\\default",
          "JS_LITE_ASSETS_PATH": "D:\\openharmony_ws\\OpenHarmony-5.0-Release\\applications_camera\\applications_camera\\product\\phone\\build\\default\\intermediates\\loader_out_lite\\default",
          "RES_PATH": "D:\\openharmony_ws\\OpenHarmony-5.0-Release\\applications_camera\\applications_camera\\product\\phone\\build\\default\\intermediates\\res\\default",
          "RES_PROFILE_PATH": "D:\\openharmony_ws\\OpenHarmony-5.0-Release\\applications_camera\\applications_camera\\product\\phone\\build\\default\\intermediates\\res\\default\\resources\\base\\profile",
          "ETS_SUPER_VISUAL_PATH": "D:\\openharmony_ws\\OpenHarmony-5.0-Release\\applications_camera\\applications_camera\\product\\phone\\build\\default\\cache\\default\\default@CompileArkTS\\esmodule",
          "JS_SUPER_VISUAL_PATH": "D:\\openharmony_ws\\OpenHarmony-5.0-Release\\applications_camera\\applications_camera\\product\\phone\\build\\default\\cache\\default\\default@CompileJS\\jsbundle",
          "WORKER_LOADER": "D:\\openharmony_ws\\OpenHarmony-5.0-Release\\applications_camera\\applications_camera\\product\\phone\\build\\default\\intermediates\\loader\\default\\loader.json",
          "MANIFEST_JSON": "D:\\openharmony_ws\\OpenHarmony-5.0-Release\\applications_camera\\applications_camera\\product\\phone\\build\\default\\intermediates\\manifest\\default",
          "OUTPUT_METADATA_JSON": "D:\\openharmony_ws\\OpenHarmony-5.0-Release\\applications_camera\\applications_camera\\product\\phone\\build\\default\\intermediates\\hap_metadata\\default\\output_metadata.json",
          "SOURCE_MAP_DIR": "D:\\openharmony_ws\\OpenHarmony-5.0-Release\\applications_camera\\applications_camera\\product\\phone\\build\\default\\intermediates\\source_map\\default"
        },
        "BUILD_OPTION": {
          "debuggable": true
        }
      }
    },
    "BUILD_OPTION": {
      "default-default": {
        "debuggable": true,
        "copyFrom": "default",
        "strictMode": {
          "caseSensitiveCheck": true,
          "useNormalizedOHMUrl": true
        }
      }
    },
    "BUILD_PROFILE_OPT": {
      "apiType": "stageMode",
      "buildOption": {},
      "targets": [
        {
          "name": "default"
        }
      ]
    },
    "BUILD_CACHE_DIR": ""
  },
  "ohos-module-tablet": {
    "SELECT_TARGET": "default",
    "MODULE_BUILD_DIR": "D:\\openharmony_ws\\OpenHarmony-5.0-Release\\applications_camera\\applications_camera\\product\\tablet\\build",
    "DEPENDENCY_INFO": {
      "@ohos/multi": "D:\\openharmony_ws\\OpenHarmony-5.0-Release\\applications_camera\\applications_camera\\features\\multi",
      "@ohos/common": "D:\\openharmony_ws\\OpenHarmony-5.0-Release\\applications_camera\\applications_camera\\common",
      "@ohos/video": "D:\\openharmony_ws\\OpenHarmony-5.0-Release\\applications_camera\\applications_camera\\features\\video",
      "@ohos/photo": "D:\\openharmony_ws\\OpenHarmony-5.0-Release\\applications_camera\\applications_camera\\features\\photo",
      "@ohos/harcherOS": "D:\\openharmony_ws\\OpenHarmony-5.0-Release\\applications_camera\\applications_camera\\features\\archermind",
      "wings": "D:\\openharmony_ws\\OpenHarmony-5.0-Release\\applications_camera\\applications_camera\\oh_modules\\.ohpm\\wings@navz+b+tw9qstaupt1zmrrtu25jcevc6x+dgrqtctcs=\\oh_modules\\wings"
    },
    "TARGETS": {
      "default": {
        "SOURCE_ROOT": "D:\\openharmony_ws\\OpenHarmony-5.0-Release\\applications_camera\\applications_camera\\product\\tablet\\src\\main",
        "RESOURCES_PATH": [
          "D:\\openharmony_ws\\OpenHarmony-5.0-Release\\applications_camera\\applications_camera\\product\\tablet\\src\\main\\resources"
        ],
        "BUILD_PATH": {
          "OUTPUT_PATH": "D:\\openharmony_ws\\OpenHarmony-5.0-Release\\applications_camera\\applications_camera\\product\\tablet\\build\\default\\outputs\\default",
          "INTERMEDIA_PATH": "D:\\openharmony_ws\\OpenHarmony-5.0-Release\\applications_camera\\applications_camera\\product\\tablet\\build\\default\\intermediates",
          "JS_ASSETS_PATH": "D:\\openharmony_ws\\OpenHarmony-5.0-Release\\applications_camera\\applications_camera\\product\\tablet\\build\\default\\intermediates\\loader_out\\default",
          "JS_LITE_ASSETS_PATH": "D:\\openharmony_ws\\OpenHarmony-5.0-Release\\applications_camera\\applications_camera\\product\\tablet\\build\\default\\intermediates\\loader_out_lite\\default",
          "RES_PATH": "D:\\openharmony_ws\\OpenHarmony-5.0-Release\\applications_camera\\applications_camera\\product\\tablet\\build\\default\\intermediates\\res\\default",
          "RES_PROFILE_PATH": "D:\\openharmony_ws\\OpenHarmony-5.0-Release\\applications_camera\\applications_camera\\product\\tablet\\build\\default\\intermediates\\res\\default\\resources\\base\\profile",
          "ETS_SUPER_VISUAL_PATH": "D:\\openharmony_ws\\OpenHarmony-5.0-Release\\applications_camera\\applications_camera\\product\\tablet\\build\\default\\cache\\default\\default@CompileArkTS\\esmodule",
          "JS_SUPER_VISUAL_PATH": "D:\\openharmony_ws\\OpenHarmony-5.0-Release\\applications_camera\\applications_camera\\product\\tablet\\build\\default\\cache\\default\\default@CompileJS\\jsbundle",
          "WORKER_LOADER": "D:\\openharmony_ws\\OpenHarmony-5.0-Release\\applications_camera\\applications_camera\\product\\tablet\\build\\default\\intermediates\\loader\\default\\loader.json",
          "MANIFEST_JSON": "D:\\openharmony_ws\\OpenHarmony-5.0-Release\\applications_camera\\applications_camera\\product\\tablet\\build\\default\\intermediates\\manifest\\default",
          "OUTPUT_METADATA_JSON": "D:\\openharmony_ws\\OpenHarmony-5.0-Release\\applications_camera\\applications_camera\\product\\tablet\\build\\default\\intermediates\\hap_metadata\\default\\output_metadata.json",
          "SOURCE_MAP_DIR": "D:\\openharmony_ws\\OpenHarmony-5.0-Release\\applications_camera\\applications_camera\\product\\tablet\\build\\default\\intermediates\\source_map\\default"
        },
        "BUILD_OPTION": {
          "debuggable": true
        }
      }
    },
    "BUILD_OPTION": {
      "default-default": {
        "debuggable": true,
        "copyFrom": "default",
        "strictMode": {
          "caseSensitiveCheck": true,
          "useNormalizedOHMUrl": true
        }
      }
    },
    "BUILD_PROFILE_OPT": {
      "apiType": "stageMode",
      "buildOption": {},
      "targets": [
        {
          "name": "default"
        }
      ]
    },
    "BUILD_CACHE_DIR": ""
  },
  "ohos-module-common": {
    "SELECT_TARGET": "default",
    "MODULE_BUILD_DIR": "D:\\openharmony_ws\\OpenHarmony-5.0-Release\\applications_camera\\applications_camera\\common\\build",
    "DEPENDENCY_INFO": {
      "@ohos/harcherOS": "D:\\openharmony_ws\\OpenHarmony-5.0-Release\\applications_camera\\applications_camera\\features\\archermind",
      "wings": "D:\\openharmony_ws\\OpenHarmony-5.0-Release\\applications_camera\\applications_camera\\oh_modules\\.ohpm\\wings@navz+b+tw9qstaupt1zmrrtu25jcevc6x+dgrqtctcs=\\oh_modules\\wings"
    },
    "TARGETS": {
      "default": {
        "SOURCE_ROOT": "D:\\openharmony_ws\\OpenHarmony-5.0-Release\\applications_camera\\applications_camera\\common\\src\\main",
        "RESOURCES_PATH": [
          "D:\\openharmony_ws\\OpenHarmony-5.0-Release\\applications_camera\\applications_camera\\common\\src\\main\\resources"
        ],
        "BUILD_PATH": {
          "OUTPUT_PATH": "D:\\openharmony_ws\\OpenHarmony-5.0-Release\\applications_camera\\applications_camera\\common\\build\\default\\outputs\\default",
          "INTERMEDIA_PATH": "D:\\openharmony_ws\\OpenHarmony-5.0-Release\\applications_camera\\applications_camera\\common\\build\\default\\intermediates",
          "JS_ASSETS_PATH": "D:\\openharmony_ws\\OpenHarmony-5.0-Release\\applications_camera\\applications_camera\\common\\build\\default\\intermediates\\loader_out\\default",
          "JS_LITE_ASSETS_PATH": "D:\\openharmony_ws\\OpenHarmony-5.0-Release\\applications_camera\\applications_camera\\common\\build\\default\\intermediates\\loader_out_lite\\default",
          "RES_PATH": "D:\\openharmony_ws\\OpenHarmony-5.0-Release\\applications_camera\\applications_camera\\common\\build\\default\\intermediates\\res\\default",
          "RES_PROFILE_PATH": "D:\\openharmony_ws\\OpenHarmony-5.0-Release\\applications_camera\\applications_camera\\common\\build\\default\\intermediates\\res\\default\\resources\\base\\profile",
          "ETS_SUPER_VISUAL_PATH": "D:\\openharmony_ws\\OpenHarmony-5.0-Release\\applications_camera\\applications_camera\\common\\build\\default\\cache\\default\\default@HarCompileArkTS\\esmodule",
          "JS_SUPER_VISUAL_PATH": "D:\\openharmony_ws\\OpenHarmony-5.0-Release\\applications_camera\\applications_camera\\common\\build\\default\\cache\\default\\default@HarCompileJS\\jsbundle",
          "WORKER_LOADER": "D:\\openharmony_ws\\OpenHarmony-5.0-Release\\applications_camera\\applications_camera\\common\\build\\default\\intermediates\\loader\\default\\loader.json",
          "MANIFEST_JSON": "D:\\openharmony_ws\\OpenHarmony-5.0-Release\\applications_camera\\applications_camera\\common\\build\\default\\intermediates\\manifest\\default",
          "OUTPUT_METADATA_JSON": "D:\\openharmony_ws\\OpenHarmony-5.0-Release\\applications_camera\\applications_camera\\common\\build\\default\\intermediates\\hap_metadata\\default\\output_metadata.json",
          "SOURCE_MAP_DIR": "D:\\openharmony_ws\\OpenHarmony-5.0-Release\\applications_camera\\applications_camera\\common\\build\\default\\intermediates\\source_map\\default"
        },
        "BUILD_OPTION": {
          "debuggable": true
        }
      }
    },
    "BUILD_OPTION": {
      "default-default": {
        "debuggable": true,
        "copyFrom": "default",
        "strictMode": {
          "caseSensitiveCheck": true,
          "useNormalizedOHMUrl": true
        }
      }
    },
    "BUILD_PROFILE_OPT": {
      "apiType": "stageMode",
      "buildOption": {},
      "targets": [
        {
          "name": "default"
        }
      ]
    },
    "BUILD_CACHE_DIR": ""
  },
  "ohos-module-multi": {
    "SELECT_TARGET": "default",
    "MODULE_BUILD_DIR": "D:\\openharmony_ws\\OpenHarmony-5.0-Release\\applications_camera\\applications_camera\\features\\multi\\build",
    "DEPENDENCY_INFO": {
      "@ohos/common": "D:\\openharmony_ws\\OpenHarmony-5.0-Release\\applications_camera\\applications_camera\\common",
      "@ohos/harcherOS": "D:\\openharmony_ws\\OpenHarmony-5.0-Release\\applications_camera\\applications_camera\\features\\archermind",
      "wings": "D:\\openharmony_ws\\OpenHarmony-5.0-Release\\applications_camera\\applications_camera\\oh_modules\\.ohpm\\wings@navz+b+tw9qstaupt1zmrrtu25jcevc6x+dgrqtctcs=\\oh_modules\\wings"
    },
    "TARGETS": {
      "default": {
        "SOURCE_ROOT": "D:\\openharmony_ws\\OpenHarmony-5.0-Release\\applications_camera\\applications_camera\\features\\multi\\src\\main",
        "RESOURCES_PATH": [
          "D:\\openharmony_ws\\OpenHarmony-5.0-Release\\applications_camera\\applications_camera\\features\\multi\\src\\main\\resources"
        ],
        "BUILD_PATH": {
          "OUTPUT_PATH": "D:\\openharmony_ws\\OpenHarmony-5.0-Release\\applications_camera\\applications_camera\\features\\multi\\build\\default\\outputs\\default",
          "INTERMEDIA_PATH": "D:\\openharmony_ws\\OpenHarmony-5.0-Release\\applications_camera\\applications_camera\\features\\multi\\build\\default\\intermediates",
          "JS_ASSETS_PATH": "D:\\openharmony_ws\\OpenHarmony-5.0-Release\\applications_camera\\applications_camera\\features\\multi\\build\\default\\intermediates\\loader_out\\default",
          "JS_LITE_ASSETS_PATH": "D:\\openharmony_ws\\OpenHarmony-5.0-Release\\applications_camera\\applications_camera\\features\\multi\\build\\default\\intermediates\\loader_out_lite\\default",
          "RES_PATH": "D:\\openharmony_ws\\OpenHarmony-5.0-Release\\applications_camera\\applications_camera\\features\\multi\\build\\default\\intermediates\\res\\default",
          "RES_PROFILE_PATH": "D:\\openharmony_ws\\OpenHarmony-5.0-Release\\applications_camera\\applications_camera\\features\\multi\\build\\default\\intermediates\\res\\default\\resources\\base\\profile",
          "ETS_SUPER_VISUAL_PATH": "D:\\openharmony_ws\\OpenHarmony-5.0-Release\\applications_camera\\applications_camera\\features\\multi\\build\\default\\cache\\default\\default@HarCompileArkTS\\esmodule",
          "JS_SUPER_VISUAL_PATH": "D:\\openharmony_ws\\OpenHarmony-5.0-Release\\applications_camera\\applications_camera\\features\\multi\\build\\default\\cache\\default\\default@HarCompileJS\\jsbundle",
          "WORKER_LOADER": "D:\\openharmony_ws\\OpenHarmony-5.0-Release\\applications_camera\\applications_camera\\features\\multi\\build\\default\\intermediates\\loader\\default\\loader.json",
          "MANIFEST_JSON": "D:\\openharmony_ws\\OpenHarmony-5.0-Release\\applications_camera\\applications_camera\\features\\multi\\build\\default\\intermediates\\manifest\\default",
          "OUTPUT_METADATA_JSON": "D:\\openharmony_ws\\OpenHarmony-5.0-Release\\applications_camera\\applications_camera\\features\\multi\\build\\default\\intermediates\\hap_metadata\\default\\output_metadata.json",
          "SOURCE_MAP_DIR": "D:\\openharmony_ws\\OpenHarmony-5.0-Release\\applications_camera\\applications_camera\\features\\multi\\build\\default\\intermediates\\source_map\\default"
        },
        "BUILD_OPTION": {
          "debuggable": true
        }
      }
    },
    "BUILD_OPTION": {
      "default-default": {
        "debuggable": true,
        "copyFrom": "default",
        "strictMode": {
          "caseSensitiveCheck": true,
          "useNormalizedOHMUrl": true
        }
      }
    },
    "BUILD_PROFILE_OPT": {
      "apiType": "stageMode",
      "buildOption": {}
    },
    "BUILD_CACHE_DIR": ""
  },
  "ohos-module-photo": {
    "SELECT_TARGET": "default",
    "MODULE_BUILD_DIR": "D:\\openharmony_ws\\OpenHarmony-5.0-Release\\applications_camera\\applications_camera\\features\\photo\\build",
    "DEPENDENCY_INFO": {
      "@ohos/common": "D:\\openharmony_ws\\OpenHarmony-5.0-Release\\applications_camera\\applications_camera\\common",
      "@ohos/harcherOS": "D:\\openharmony_ws\\OpenHarmony-5.0-Release\\applications_camera\\applications_camera\\features\\archermind",
      "wings": "D:\\openharmony_ws\\OpenHarmony-5.0-Release\\applications_camera\\applications_camera\\oh_modules\\.ohpm\\wings@navz+b+tw9qstaupt1zmrrtu25jcevc6x+dgrqtctcs=\\oh_modules\\wings"
    },
    "TARGETS": {
      "default": {
        "SOURCE_ROOT": "D:\\openharmony_ws\\OpenHarmony-5.0-Release\\applications_camera\\applications_camera\\features\\photo\\src\\main",
        "RESOURCES_PATH": [
          "D:\\openharmony_ws\\OpenHarmony-5.0-Release\\applications_camera\\applications_camera\\features\\photo\\src\\main\\resources"
        ],
        "BUILD_PATH": {
          "OUTPUT_PATH": "D:\\openharmony_ws\\OpenHarmony-5.0-Release\\applications_camera\\applications_camera\\features\\photo\\build\\default\\outputs\\default",
          "INTERMEDIA_PATH": "D:\\openharmony_ws\\OpenHarmony-5.0-Release\\applications_camera\\applications_camera\\features\\photo\\build\\default\\intermediates",
          "JS_ASSETS_PATH": "D:\\openharmony_ws\\OpenHarmony-5.0-Release\\applications_camera\\applications_camera\\features\\photo\\build\\default\\intermediates\\loader_out\\default",
          "JS_LITE_ASSETS_PATH": "D:\\openharmony_ws\\OpenHarmony-5.0-Release\\applications_camera\\applications_camera\\features\\photo\\build\\default\\intermediates\\loader_out_lite\\default",
          "RES_PATH": "D:\\openharmony_ws\\OpenHarmony-5.0-Release\\applications_camera\\applications_camera\\features\\photo\\build\\default\\intermediates\\res\\default",
          "RES_PROFILE_PATH": "D:\\openharmony_ws\\OpenHarmony-5.0-Release\\applications_camera\\applications_camera\\features\\photo\\build\\default\\intermediates\\res\\default\\resources\\base\\profile",
          "ETS_SUPER_VISUAL_PATH": "D:\\openharmony_ws\\OpenHarmony-5.0-Release\\applications_camera\\applications_camera\\features\\photo\\build\\default\\cache\\default\\default@HarCompileArkTS\\esmodule",
          "JS_SUPER_VISUAL_PATH": "D:\\openharmony_ws\\OpenHarmony-5.0-Release\\applications_camera\\applications_camera\\features\\photo\\build\\default\\cache\\default\\default@HarCompileJS\\jsbundle",
          "WORKER_LOADER": "D:\\openharmony_ws\\OpenHarmony-5.0-Release\\applications_camera\\applications_camera\\features\\photo\\build\\default\\intermediates\\loader\\default\\loader.json",
          "MANIFEST_JSON": "D:\\openharmony_ws\\OpenHarmony-5.0-Release\\applications_camera\\applications_camera\\features\\photo\\build\\default\\intermediates\\manifest\\default",
          "OUTPUT_METADATA_JSON": "D:\\openharmony_ws\\OpenHarmony-5.0-Release\\applications_camera\\applications_camera\\features\\photo\\build\\default\\intermediates\\hap_metadata\\default\\output_metadata.json",
          "SOURCE_MAP_DIR": "D:\\openharmony_ws\\OpenHarmony-5.0-Release\\applications_camera\\applications_camera\\features\\photo\\build\\default\\intermediates\\source_map\\default"
        },
        "BUILD_OPTION": {
          "debuggable": true
        }
      }
    },
    "BUILD_OPTION": {
      "default-default": {
        "debuggable": true,
        "copyFrom": "default",
        "strictMode": {
          "caseSensitiveCheck": true,
          "useNormalizedOHMUrl": true
        }
      }
    },
    "BUILD_PROFILE_OPT": {
      "apiType": "stageMode",
      "buildOption": {}
    },
    "BUILD_CACHE_DIR": ""
  },
  "ohos-module-video": {
    "SELECT_TARGET": "default",
    "MODULE_BUILD_DIR": "D:\\openharmony_ws\\OpenHarmony-5.0-Release\\applications_camera\\applications_camera\\features\\video\\build",
    "DEPENDENCY_INFO": {
      "@ohos/common": "D:\\openharmony_ws\\OpenHarmony-5.0-Release\\applications_camera\\applications_camera\\common",
      "@ohos/harcherOS": "D:\\openharmony_ws\\OpenHarmony-5.0-Release\\applications_camera\\applications_camera\\features\\archermind",
      "wings": "D:\\openharmony_ws\\OpenHarmony-5.0-Release\\applications_camera\\applications_camera\\oh_modules\\.ohpm\\wings@navz+b+tw9qstaupt1zmrrtu25jcevc6x+dgrqtctcs=\\oh_modules\\wings"
    },
    "TARGETS": {
      "default": {
        "SOURCE_ROOT": "D:\\openharmony_ws\\OpenHarmony-5.0-Release\\applications_camera\\applications_camera\\features\\video\\src\\main",
        "RESOURCES_PATH": [
          "D:\\openharmony_ws\\OpenHarmony-5.0-Release\\applications_camera\\applications_camera\\features\\video\\src\\main\\resources"
        ],
        "BUILD_PATH": {
          "OUTPUT_PATH": "D:\\openharmony_ws\\OpenHarmony-5.0-Release\\applications_camera\\applications_camera\\features\\video\\build\\default\\outputs\\default",
          "INTERMEDIA_PATH": "D:\\openharmony_ws\\OpenHarmony-5.0-Release\\applications_camera\\applications_camera\\features\\video\\build\\default\\intermediates",
          "JS_ASSETS_PATH": "D:\\openharmony_ws\\OpenHarmony-5.0-Release\\applications_camera\\applications_camera\\features\\video\\build\\default\\intermediates\\loader_out\\default",
          "JS_LITE_ASSETS_PATH": "D:\\openharmony_ws\\OpenHarmony-5.0-Release\\applications_camera\\applications_camera\\features\\video\\build\\default\\intermediates\\loader_out_lite\\default",
          "RES_PATH": "D:\\openharmony_ws\\OpenHarmony-5.0-Release\\applications_camera\\applications_camera\\features\\video\\build\\default\\intermediates\\res\\default",
          "RES_PROFILE_PATH": "D:\\openharmony_ws\\OpenHarmony-5.0-Release\\applications_camera\\applications_camera\\features\\video\\build\\default\\intermediates\\res\\default\\resources\\base\\profile",
          "ETS_SUPER_VISUAL_PATH": "D:\\openharmony_ws\\OpenHarmony-5.0-Release\\applications_camera\\applications_camera\\features\\video\\build\\default\\cache\\default\\default@HarCompileArkTS\\esmodule",
          "JS_SUPER_VISUAL_PATH": "D:\\openharmony_ws\\OpenHarmony-5.0-Release\\applications_camera\\applications_camera\\features\\video\\build\\default\\cache\\default\\default@HarCompileJS\\jsbundle",
          "WORKER_LOADER": "D:\\openharmony_ws\\OpenHarmony-5.0-Release\\applications_camera\\applications_camera\\features\\video\\build\\default\\intermediates\\loader\\default\\loader.json",
          "MANIFEST_JSON": "D:\\openharmony_ws\\OpenHarmony-5.0-Release\\applications_camera\\applications_camera\\features\\video\\build\\default\\intermediates\\manifest\\default",
          "OUTPUT_METADATA_JSON": "D:\\openharmony_ws\\OpenHarmony-5.0-Release\\applications_camera\\applications_camera\\features\\video\\build\\default\\intermediates\\hap_metadata\\default\\output_metadata.json",
          "SOURCE_MAP_DIR": "D:\\openharmony_ws\\OpenHarmony-5.0-Release\\applications_camera\\applications_camera\\features\\video\\build\\default\\intermediates\\source_map\\default"
        },
        "BUILD_OPTION": {
          "debuggable": true
        }
      }
    },
    "BUILD_OPTION": {
      "default-default": {
        "debuggable": true,
        "copyFrom": "default",
        "strictMode": {
          "caseSensitiveCheck": true,
          "useNormalizedOHMUrl": true
        }
      }
    },
    "BUILD_PROFILE_OPT": {
      "apiType": "stageMode",
      "buildOption": {}
    },
    "BUILD_CACHE_DIR": ""
  },
  "ohos-module-archermind": {
    "SELECT_TARGET": "default",
    "MODULE_BUILD_DIR": "D:\\openharmony_ws\\OpenHarmony-5.0-Release\\applications_camera\\applications_camera\\features\\archermind\\build",
    "DEPENDENCY_INFO": {
      "wings": "D:\\openharmony_ws\\OpenHarmony-5.0-Release\\applications_camera\\applications_camera\\oh_modules\\.ohpm\\wings@navz+b+tw9qstaupt1zmrrtu25jcevc6x+dgrqtctcs=\\oh_modules\\wings"
    },
    "TARGETS": {
      "default": {
        "SOURCE_ROOT": "D:\\openharmony_ws\\OpenHarmony-5.0-Release\\applications_camera\\applications_camera\\features\\archermind\\src\\main",
        "RESOURCES_PATH": [
          "D:\\openharmony_ws\\OpenHarmony-5.0-Release\\applications_camera\\applications_camera\\features\\archermind\\src\\main\\resources"
        ],
        "BUILD_PATH": {
          "OUTPUT_PATH": "D:\\openharmony_ws\\OpenHarmony-5.0-Release\\applications_camera\\applications_camera\\features\\archermind\\build\\default\\outputs\\default",
          "INTERMEDIA_PATH": "D:\\openharmony_ws\\OpenHarmony-5.0-Release\\applications_camera\\applications_camera\\features\\archermind\\build\\default\\intermediates",
          "JS_ASSETS_PATH": "D:\\openharmony_ws\\OpenHarmony-5.0-Release\\applications_camera\\applications_camera\\features\\archermind\\build\\default\\intermediates\\loader_out\\default",
          "JS_LITE_ASSETS_PATH": "D:\\openharmony_ws\\OpenHarmony-5.0-Release\\applications_camera\\applications_camera\\features\\archermind\\build\\default\\intermediates\\loader_out_lite\\default",
          "RES_PATH": "D:\\openharmony_ws\\OpenHarmony-5.0-Release\\applications_camera\\applications_camera\\features\\archermind\\build\\default\\intermediates\\res\\default",
          "RES_PROFILE_PATH": "D:\\openharmony_ws\\OpenHarmony-5.0-Release\\applications_camera\\applications_camera\\features\\archermind\\build\\default\\intermediates\\res\\default\\resources\\base\\profile",
          "ETS_SUPER_VISUAL_PATH": "D:\\openharmony_ws\\OpenHarmony-5.0-Release\\applications_camera\\applications_camera\\features\\archermind\\build\\default\\cache\\default\\default@HarCompileArkTS\\esmodule",
          "JS_SUPER_VISUAL_PATH": "D:\\openharmony_ws\\OpenHarmony-5.0-Release\\applications_camera\\applications_camera\\features\\archermind\\build\\default\\cache\\default\\default@HarCompileJS\\jsbundle",
          "WORKER_LOADER": "D:\\openharmony_ws\\OpenHarmony-5.0-Release\\applications_camera\\applications_camera\\features\\archermind\\build\\default\\intermediates\\loader\\default\\loader.json",
          "MANIFEST_JSON": "D:\\openharmony_ws\\OpenHarmony-5.0-Release\\applications_camera\\applications_camera\\features\\archermind\\build\\default\\intermediates\\manifest\\default",
          "OUTPUT_METADATA_JSON": "D:\\openharmony_ws\\OpenHarmony-5.0-Release\\applications_camera\\applications_camera\\features\\archermind\\build\\default\\intermediates\\hap_metadata\\default\\output_metadata.json",
          "SOURCE_MAP_DIR": "D:\\openharmony_ws\\OpenHarmony-5.0-Release\\applications_camera\\applications_camera\\features\\archermind\\build\\default\\intermediates\\source_map\\default"
        },
        "BUILD_OPTION": {
          "debuggable": true
        }
      }
    },
    "BUILD_OPTION": {
      "default-default": {
        "debuggable": true,
        "copyFrom": "default",
        "strictMode": {
          "caseSensitiveCheck": true,
          "useNormalizedOHMUrl": true
        },
        "sourceOption": {
          "workers": []
        },
        "name": "debug"
      }
    },
    "BUILD_PROFILE_OPT": {
      "apiType": "stageMode",
      "buildOptionSet": [
        {
          "name": "release",
          "arkOptions": {
            "obfuscation": {
              "ruleOptions": {
                "enable": true,
                "files": [
                  "./obfuscation-rules.txt"
                ]
              },
              "consumerFiles": [
                "./consumer-rules.txt"
              ]
            }
          }
        },
        {
          "name": "default"
        },
        {
          "name": "debug"
        }
      ],
      "buildOption": {
        "sourceOption": {
          "workers": []
        }
      },
      "targets": [
        {
          "name": "default"
        }
      ]
    },
    "BUILD_CACHE_DIR": ""
  },
  "ohos-project": {
    "SELECT_PRODUCT_NAME": "default",
    "MODULE_BUILD_DIR": "D:\\openharmony_ws\\OpenHarmony-5.0-Release\\applications_camera\\applications_camera\\build",
    "BUNDLE_NAME": "com.ohos.camera",
    "BUILD_PATH": {
      "OUTPUT_PATH": "D:\\openharmony_ws\\OpenHarmony-5.0-Release\\applications_camera\\applications_camera\\build\\outputs\\default"
    },
    "MODULES": [
      {
        "name": "phone",
        "srcPath": "D:\\openharmony_ws\\OpenHarmony-5.0-Release\\applications_camera\\applications_camera\\product\\phone",
        "targets": [
          {
            "name": "default",
            "applyToProducts": [
              "default"
            ]
          }
        ],
        "belongProjectPath": "D:\\openharmony_ws\\OpenHarmony-5.0-Release\\applications_camera\\applications_camera"
      },
      {
        "name": "tablet",
        "srcPath": "D:\\openharmony_ws\\OpenHarmony-5.0-Release\\applications_camera\\applications_camera\\product\\tablet",
        "targets": [
          {
            "name": "default",
            "applyToProducts": [
              "default"
            ]
          }
        ],
        "belongProjectPath": "D:\\openharmony_ws\\OpenHarmony-5.0-Release\\applications_camera\\applications_camera"
      },
      {
        "name": "common",
        "srcPath": "D:\\openharmony_ws\\OpenHarmony-5.0-Release\\applications_camera\\applications_camera\\common",
        "belongProjectPath": "D:\\openharmony_ws\\OpenHarmony-5.0-Release\\applications_camera\\applications_camera"
      },
      {
        "name": "multi",
        "srcPath": "D:\\openharmony_ws\\OpenHarmony-5.0-Release\\applications_camera\\applications_camera\\features\\multi",
        "belongProjectPath": "D:\\openharmony_ws\\OpenHarmony-5.0-Release\\applications_camera\\applications_camera"
      },
      {
        "name": "photo",
        "srcPath": "D:\\openharmony_ws\\OpenHarmony-5.0-Release\\applications_camera\\applications_camera\\features\\photo",
        "belongProjectPath": "D:\\openharmony_ws\\OpenHarmony-5.0-Release\\applications_camera\\applications_camera"
      },
      {
        "name": "video",
        "srcPath": "D:\\openharmony_ws\\OpenHarmony-5.0-Release\\applications_camera\\applications_camera\\features\\video",
        "belongProjectPath": "D:\\openharmony_ws\\OpenHarmony-5.0-Release\\applications_camera\\applications_camera"
      },
      {
        "name": "archermind",
        "srcPath": "D:\\openharmony_ws\\OpenHarmony-5.0-Release\\applications_camera\\applications_camera\\features\\archermind",
        "belongProjectPath": "D:\\openharmony_ws\\OpenHarmony-5.0-Release\\applications_camera\\applications_camera"
      }
    ],
    "PROFILE_OPT": {
      "app": {
        "products": [
          {
            "name": "default",
            "signingConfig": "default",
            "compileSdkVersion": 15,
            "compatibleSdkVersion": 15,
            "runtimeOS": "OpenHarmony",
            "buildOption": {
              "strictMode": {
                "caseSensitiveCheck": true,
                "useNormalizedOHMUrl": true
              }
            }
          }
        ],
        "signingConfigs": [
          {
            "name": "default",
            "material": {
              "storePassword": "0000001C59E804AFC3B94CF72E6B32DC3921677DD07049135EA15C603E0782B8DF215F14497B25CC3DCC2D78",
              "certpath": "signature/camera.cer",
              "keyAlias": "Camera",
              "keyPassword": "0000001C45BB3DEC4311ACA6F306211039D56C9DC4DB08A3B777A135E8D369557041FC175B0EAD1D95DC2814",
              "profile": "signature/camera.p7b",
              "signAlg": "SHA256withECDSA",
              "storeFile": "signature/camera.p12"
            }
          }
        ]
      },
      "modules": [
        {
          "name": "phone",
          "srcPath": "./product/phone",
          "targets": [
            {
              "name": "default",
              "applyToProducts": [
                "default"
              ]
            }
          ]
        },
        {
          "name": "tablet",
          "srcPath": "./product/tablet",
          "targets": [
            {
              "name": "default",
              "applyToProducts": [
                "default"
              ]
            }
          ]
        },
        {
          "name": "common",
          "srcPath": "./common"
        },
        {
          "name": "multi",
          "srcPath": "./features/multi"
        },
        {
          "name": "photo",
          "srcPath": "./features/photo"
        },
        {
          "name": "video",
          "srcPath": "./features/video"
        },
        {
          "name": "archermind",
          "srcPath": "./features/archermind"
        }
      ]
    },
    "CONFIG_PROPERTIES": {
      "enableSignTask": true,
      "skipNativeIncremental": false,
      "hvigor.keepDependency": true
    },
    "OVERALL_PROJECT_PATHS": [
      "D:\\openharmony_ws\\OpenHarmony-5.0-Release\\applications_camera\\applications_camera"
    ],
    "BUILD_CACHE_DIR": ""
  },
  "version": 1
}