{
	"app": {
		"bundleName": "com.oh.myapplication",
		"debug": false,
		"versionCode": 1000000,
		"versionName": "1.0.0",
		"minAPIVersion": 12,
		"targetAPIVersion": 12,
		"apiReleaseType": "Release",
		"compileSdkVersion": "5.0.0.71",
		"compileSdkType": "OpenHarmony",
		"appEnvironments": [],
		"bundleType": "app",
		"buildMode": "release"
	},
	"module": {
		"name": "wings",
		"type": "har",
		"deviceTypes": [
			"default",
			"tablet"
		],
		"packageName": "wings",
		"installationFree": false,
		"virtualMachine": "ark12.0.2.0",
		"compileMode": "esmodule",
		"dependencies": []
	}
}
