{
    "string":[
        {
            "name":"SecurityTitle_mediaFiles",
            "value":"গ্যালারিতে প্রাইভেট অ্যাক্সেস",
            "attr":{
                "priority":"translate"
            }
        },
        {
            "name":"SecurityDescription_location",
            "value":"আপনি অনুমতি দিন ট্যাপ করলে আপনার গোপনীয়তা সুরক্ষিত রাখতে %s কেবল অল্প সময়ের জন্য আপনার অবস্থানে অ্যাক্সেস করতে পারবে।",
            "attr":{
                "priority":"translate"
            }
        },
        {
            "name":"allow",
            "value":"অনুমতি দিন",
            "attr":{
                "priority":"translate"
            }
        },
        {
            "name":"SecurityDescription_mediaFiles",
            "value":"আপনি অনুমতি দিন ট্যাপ করলে আপনার গোপনীয়তা সুরক্ষিত রাখতে %s কেবল অল্প সময়ের জন্য আপনার গ্যালারিতে অ্যাক্সেস করতে পারবে।",
            "attr":{
                "priority":"translate"
            }
        },
        {
            "name":"SecurityTitle_location",
            "value":"অবস্থানে প্রাইভেট অ্যাক্সেস",
            "attr":{
                "priority":"translate"
            }
        },
        {
            "name":"cancel",
            "value":"বাতিল করুন",
            "attr":{
                "priority":"translate"
            }
        },
        {
            "name":"SecurityText_location",
            "value":"আপনি অনুমতি দিন অপশনটি ট্যাপ করলে আপনার গোপনীয়তা সুরক্ষিত রাখতে %1$s%2$s কেবল অল্প সময়ের জন্য আপনার অবস্থানে অ্যাক্সেস করতে পারবে।",
            "attr":{
                "priority":"translate"
            }
        },
        {
            "name":"SecurityText_mediaFiles",
            "value":"আপনি অনুমতি দিন অপশনটি ট্যাপ করলে আপনার গোপনীয়তা সুরক্ষিত রাখতে %1$s%2$s কেবল অল্প সময়ের জন্য আপনার গ্যালারিতে অ্যাক্সেস করতে পারবে।",
            "attr":{
                "priority":"translate"
            }
        }
    ]
}