{
    "string":[
        {
            "name":"SecurityTitle_mediaFiles",
            "value":"Private access to Gallery",
            "attr":{
                "priority":"translate"
            }
        },
        {
            "name":"SecurityDescription_location",
            "value":"To protect your privacy, %s can only briefly access your location when you tap Allow.",
            "attr":{
                "priority":"translate"
            }
        },
        {
            "name":"allow",
            "value":"Allow",
            "attr":{
                "priority":"translate"
            }
        },
        {
            "name":"SecurityDescription_mediaFiles",
            "value":"To protect your privacy, %s can only briefly access your Gallery to save items when you tap Allow.",
            "attr":{
                "priority":"translate"
            }
        },
        {
            "name":"SecurityTitle_location",
            "value":"Private access to location",
            "attr":{
                "priority":"translate"
            }
        },
        {
            "name":"cancel",
            "value":"Cancel",
            "attr":{
                "priority":"translate"
            }
        },
        {
            "name":"SecurityText_location",
            "value":"To protect your privacy, %1$s%2$s can only briefly access your location when you tap Allow.",
            "attr":{
                "priority":"translate"
            }
        },
        {
            "name":"SecurityText_mediaFiles",
            "value":"To protect your privacy, %1$s%2$s can only briefly access your Gallery to save items when you tap Allow.",
            "attr":{
                "priority":"translate"
            }
        }
    ]
}