{
  "HVIGOR_OHOS_PLUGIN": {
    "MODULES": [
      {
        "MODULE_NAME": "1043bfc77febe75fafec0c4309faccf1",
        "API_TYPE": "stageMode",
        "INCREMENTAL_TASKS": {
          "COMPILE_ARKTS": false
        }
      },
      {
        "MODULE_NAME": "ada9cd5864c1365284072e5a7f39ce58",
        "API_TYPE": "stageMode",
        "INCREMENTAL_TASKS": {
          "COMPILE_ARKTS": false
        }
      }
    ],
    "BUILD_MODE": "debug"
  },
  "HVIGOR": {
    "IS_INCREMENTAL": true,
    "IS_DAEMON": true,
    "IS_PARALLEL": true,
    "IS_HVIGORFILE_TYPE_CHECK": false,
    "TASK_TIME": {
      "1043bfc77febe75fafec0c4309faccf1": {
        "PreBuild": 187282600,
        "GenerateMetadata": 8381400,
        "ConfigureCmake": 878600,
        "MergeProfile": 7825200,
        "CreateBuildProfile": 6013300,
        "PreCheckSyscap": 1127700,
        "GeneratePkgContextInfo": 1166500,
        "ProcessIntegratedHsp": 2031500,
        "BuildNativeWithCmake": 836500,
        "MakePackInfo": 17567400,
        "ProcessProfile": 818434600,
        "ProcessRouterMap": 11089300,
        "BuildNativeWithNinja": 4328100,
        "ProcessResource": 16146500,
        "GenerateLoaderJson": 44741400,
        "CompileResource": 1473725100,
        "BuildJS": 12589000,
        "SyscapTransform": 3996011500,
        "ProcessLibs": 4430852100,
        "DoNativeStrip": 1060551400,
        "CacheNativeLibs": 4469214000,
        "CompileArkTS": 17456242000,
        "GeneratePkgModuleJson": 8092500,
        "PackageHap": 735222300,
        "SignHap": 4949000,
        "CollectDebugSymbol": 9886500,
        "assembleHap": 781100
      },
      "ada9cd5864c1365284072e5a7f39ce58": {
        "PreBuild": 29949100,
        "GenerateMetadata": 4903300,
        "ConfigureCmake": 443700,
        "MergeProfile": 4274300,
        "CreateBuildProfile": 5400500,
        "PreCheckSyscap": 911500,
        "GeneratePkgContextInfo": 1168700,
        "ProcessIntegratedHsp": 2045500,
        "BuildNativeWithCmake": 809700,
        "MakePackInfo": 11307900,
        "ProcessProfile": 19972400,
        "ProcessRouterMap": 11569500,
        "BuildNativeWithNinja": 6179800,
        "ProcessResource": 69691400,
        "GenerateLoaderJson": 68143200,
        "CompileResource": 571770500,
        "BuildJS": 9228300,
        "SyscapTransform": 3899099300,
        "ProcessLibs": 4770007500,
        "DoNativeStrip": 668764400,
        "CacheNativeLibs": 4082863000,
        "CompileArkTS": 29283513000,
        "GeneratePkgModuleJson": 3968600,
        "PackageHap": 646513900,
        "SignHap": 1664300,
        "CollectDebugSymbol": 7490200,
        "assembleHap": 546900
      }
    },
    "BUILD_ID": "202504110946596650",
    "TOTAL_TIME": 38663575900
  }
}