{
    "string":[
        {
            "name":"SecurityTitle_mediaFiles",
            "value":"Acceso restringido a Galería",
            "attr":{
                "priority":"translate"
            }
        },
        {
            "name":"SecurityDescription_location",
            "value":"Para proteger tu privacidad, %s solo podrá acceder brevemente a tu ubicación si presionas Permitir.",
            "attr":{
                "priority":"translate"
            }
        },
        {
            "name":"allow",
            "value":"Permitir",
            "attr":{
                "priority":"translate"
            }
        },
        {
            "name":"SecurityDescription_mediaFiles",
            "value":"Para proteger tu privacidad, %s solo podrá acceder brevemente a tu Galería para guardar elementos si presionas Permitir.",
            "attr":{
                "priority":"translate"
            }
        },
        {
            "name":"SecurityTitle_location",
            "value":"Acceso restringido a ubicaciones",
            "attr":{
                "priority":"translate"
            }
        },
        {
            "name":"cancel",
            "value":"Cancelar",
            "attr":{
                "priority":"translate"
            }
        },
        {
            "name":"SecurityText_location",
            "value":"Para proteger tu privacidad, %1$s%2$s solo podrá acceder brevemente a tu ubicación si presionas Permitir.",
            "attr":{
                "priority":"translate"
            }
        },
        {
            "name":"SecurityText_mediaFiles",
            "value":"Para proteger tu privacidad, %1$s%2$s solo podrá acceder brevemente a tu Galería para guardar elementos si presionas Permitir.",
            "attr":{
                "priority":"translate"
            }
        }
    ]
}