{
  "float": [
    {
      "name": "layout_title_width",
      "value": "468vp"
    },
    {
      "name": "top_bar_width",
      "value": "468vp"
    },
    {
      "name": "setting_item_width",
      "value": "486vp"
    },
    {
      "name": "setting_item_title_width",
      "value": "200vp"
    },
    {
      "name": "layout_title_font_size",
      "value": "21vp"
    },
    {
      "name": "top_bar_font_size",
      "value": "30vp"
    },
    {
      "name": "setting_item_title_font_size",
      "value": "24vp"
    },
    {
      "name": "top_bar_icon_size",
      "value": "30vp"
    }
  ]
}