{
    "string":[
        {
            "name":"SecurityTitle_mediaFiles",
            "value":"Разрешенный доступ к Галерее",
            "attr":{
                "priority":"translate"
            }
        },
        {
            "name":"SecurityDescription_location",
            "value":"В целях обеспечения конфиденциальности после нажатия кнопки Разрешить приложению %s будет предоставлен ограниченный доступ к вашим геоданным.",
            "attr":{
                "priority":"translate"
            }
        },
        {
            "name":"allow",
            "value":"Разрешить",
            "attr":{
                "priority":"translate"
            }
        },
        {
            "name":"SecurityDescription_mediaFiles",
            "value":"В целях обеспечения конфиденциальности после нажатия кнопки Разрешить приложению %s будет предоставлен ограниченный доступ к Галерее для сохранения данных.",
            "attr":{
                "priority":"translate"
            }
        },
        {
            "name":"SecurityTitle_location",
            "value":"Разрешенный доступ к геолокации",
            "attr":{
                "priority":"translate"
            }
        },
        {
            "name":"cancel",
            "value":"Отмена",
            "attr":{
                "priority":"translate"
            }
        },
        {
            "name":"SecurityText_location",
            "value":"В целях обеспечения конфиденциальности после нажатия кнопки Разрешить приложению %1$s (%2$s) будет предоставлен ограниченный доступ к вашим геоданным.",
            "attr":{
                "priority":"translate"
            }
        },
        {
            "name":"SecurityText_mediaFiles",
            "value":"В целях обеспечения конфиденциальности после нажатия кнопки Разрешить приложению %1$s (%2$s) будет предоставлен ограниченный доступ к Галерее для сохранения данных.",
            "attr":{
                "priority":"translate"
            }
        }
    ]
}