{
    "string":[
        {
            "name":"SecurityTitle_mediaFiles",
            "value":"Pribadong access sa Gallery",
            "attr":{
                "priority":"translate"
            }
        },
        {
            "name":"SecurityDescription_location",
            "value":"Para protektahan ang privacy mo, maa-access lang ni %s ang lokasyon mo kapag i-tap mo ang Payagan.",
            "attr":{
                "priority":"translate"
            }
        },
        {
            "name":"allow",
            "value":"Payagan",
            "attr":{
                "priority":"translate"
            }
        },
        {
            "name":"SecurityDescription_mediaFiles",
            "value":"Para protektahan ang privacy mo, maa-access lang ni %s ang Gallery mo kapag i-tap mo ang Payagan.",
            "attr":{
                "priority":"translate"
            }
        },
        {
            "name":"SecurityTitle_location",
            "value":"Pribadong access sa lokasyon",
            "attr":{
                "priority":"translate"
            }
        },
        {
            "name":"cancel",
            "value":"Kanselahin",
            "attr":{
                "priority":"translate"
            }
        },
        {
            "name":"SecurityText_location",
            "value":"Para protektahan ang privacy mo, panandaliang maa-access lang ng %1$s%2$s ang lokasyon mo kapag na-tap mo ang Payagan.",
            "attr":{
                "priority":"translate"
            }
        },
        {
            "name":"SecurityText_mediaFiles",
            "value":"Para protektahan ang privacy mo, panandaliang maa-access lang ng %1$s%2$s ang Gallery mo para mag-save ng mga item kapag na-tap mo ang Payagan.",
            "attr":{
                "priority":"translate"
            }
        }
    ]
}