{
    "string":[
        {
            "name":"SecurityTitle_mediaFiles",
            "value":"Ιδιωτική πρόσβαση στη Συλλογή",
            "attr":{
                "priority":"translate"
            }
        },
        {
            "name":"SecurityDescription_location",
            "value":"Για να προστατεύσει το απόρρητό σας, η εφαρμογή %s μπορεί μόνο για σύντομο χρονικό διάστημα να έχει πρόσβαση στην τοποθεσία σας όταν πατήσετε Να επιτραπεί.",
            "attr":{
                "priority":"translate"
            }
        },
        {
            "name":"allow",
            "value":"Να επιτραπεί",
            "attr":{
                "priority":"translate"
            }
        },
        {
            "name":"SecurityDescription_mediaFiles",
            "value":"Για να προστατεύσει το απόρρητό σας, η εφαρμογή %s μπορεί μόνο για σύντομο χρονικό διάστημα να έχει πρόσβαση στη Συλλογή σας για να αποθηκεύσει στοιχεία όταν πατήσετε Να επιτραπεί.",
            "attr":{
                "priority":"translate"
            }
        },
        {
            "name":"SecurityTitle_location",
            "value":"Ιδιωτική πρόσβαση στην τοποθεσία",
            "attr":{
                "priority":"translate"
            }
        },
        {
            "name":"cancel",
            "value":"Ακύρωση",
            "attr":{
                "priority":"translate"
            }
        },
        {
            "name":"SecurityText_location",
            "value":"Για την προστασία του απορρήτου σας, η εφαρμογή %1$s%2$s μπορεί μόνο για σύντομο χρονικό διάστημα να έχει πρόσβαση στην τοποθεσία σας όταν πατήσετε Να επιτραπεί.",
            "attr":{
                "priority":"translate"
            }
        },
        {
            "name":"SecurityText_mediaFiles",
            "value":"Για την προστασία του απορρήτου σας, η εφαρμογή %1$s%2$s μπορεί μόνο για σύντομο χρονικό διάστημα να έχει πρόσβαση στη Συλλογή σας για να αποθηκεύσει στοιχεία όταν πατήσετε Να επιτραπεί.",
            "attr":{
                "priority":"translate"
            }
        }
    ]
}