{
    "string":[
        {
            "name":"SecurityTitle_mediaFiles",
            "value":"པར་རིས་དང་བརྙན་ཟློས་བདེ་འཇགས་ངང་ཉར་ཚགས་བྱེད་པ།",
            "attr":{
                "priority":"LT"
            }
        },
        {
            "name":"SecurityDescription_location",
            "value":"༼%s༽ཡིས་ཁྱེད་ཀྱིས་གནོན་མཐེབ་རྡེབ་སྐབས་ཁོ་ནར་གནས་ཡུལ་ལ་ལྟ་སྤྱོད་བྱ་ཆོག",
            "attr":{
                "priority":"translate"
            }
        },
        {
            "name":"allow",
            "value":"ཆོག་པ།",
            "attr":{
                "priority":"LT"
            }
        },
        {
            "name":"SecurityDescription_mediaFiles",
            "value":"༼%s༽ཡིས་ཁྱེད་ཀྱིས་གནོན་མཐེབ་རྡེབ་སྐབས་ཁོ་ནར་པར་མཛོད་དུ་འདྲ་པར་དང་བརྙན་ཟློས་ཉར་ཚགས་ཁོ་ན་བྱ་ཆོག",
            "attr":{
                "priority":"translate"
            }
        },
        {
            "name":"SecurityText_location",
            "value":"༼%1$s%2$s༽ཡིས་ཁྱེད་ཀྱིས་གནོན་མཐེབ་འདིར་རྡེབ་སྐབས་ཁོ་ནར་གནས་ཡུལ་ལ་ལྟ་སྤྱོད་བྱ་ཆོག",
            "attr":{
                "priority":"translate"
            }
        },
        {
            "name":"SecurityText_mediaFiles",
            "value":"༼%1$s%2$s༽ཡིས་ཁྱེད་ཀྱིས་གནོན་མཐེབ་འདིར་རྡེབ་སྐབས་ཁོ་ནར་པར་མཛོད་དུ་འདྲ་པར་དང་བརྙན་ཟློས་ཉར་ཚགས་ཁོ་ན་བྱ་ཆོག",
            "attr":{
                "priority":"translate"
            }
        },
        {
            "name":"SecurityTitle_location",
            "value":"གནས་ཡུལ་ལ་བདེ་འཇགས་ངང་ལྟ་སྤྱོད་བྱེད་པ།",
            "attr":{
                "priority":"LT"
            }
        },
        {
            "name":"cancel",
            "value":"འདོར་བ།",
            "attr":{
                "priority":"LT"
            }
        },
        {
            "name":"get_the_exact_position",
            "value":"ཉེར་སྤྱོད་འདིས་ཁྱེད་ཀྱི་ཞིབ་ཕྲའི་གནས་ཡུལ་ཐོབ་ལེན་བྱ་ཆོག་པར་གནང་རོགས། ཁ་བརྒྱབ་རྗེས། ཉེར་སྤྱོད་ལ་ཐོབ་པའི་གནས་ཡུལ་ལ་ཧེ་བག་འབྱུང་སྲིད། རྩོལ་ནུས་འདིར་རྒྱབ་སྐྱོར་མི་བྱེད་པའི་ཉེར་སྤྱོད་ཁག་ཅིག་གིས་གནས་ངེས་བྱེད་མི་ཐུབ།",
            "attr":{
                "priority":"LT"
            }
        },
        {
            "name":"close_exact_position",
            "value":"ཞིབ་ཕྲའི་གནས་ཡུལ་ཁ་བརྒྱབ་རྗེས། ཉེར་སྤྱོད་ཀྱིས་བླངས་པའི་གནས་ཡུལ་ལ་བར་ཁྱད་ཅུང་ཟད་ཡོད་སྲིད།",
            "attr":{
                "priority":"LT"
            }
        },
        {
            "name":"precise_location",
            "value":"ཞིབ་ཕྲའི་གནས་ཡུལ།",
            "attr":{
                "priority":"LT"
            }
        },
        {
            "name":"always_allow",
            "value":"ནམ་ཡང་ཆོག་པ།",
            "attr":{
                "priority":"LT"
            }
        },
        {
            "name":"access_general_location",
            "value":"༼%s༽ཡིས་གནས་ཡུལ་རགས་པར་ལྟ་སྤྱོད་བྱ་ཆོག་པར་བྱེད་དམ།",
            "attr":{
                "priority":"LT"
            }
        },
        {
            "name":"group_label_ADS",
            "value":"༼%s༽ཡིས་བརྡ་ཁྱབ་རྗེས་འདེད་ལ་ལྟ་སྤྱོད་བྱ་ཆོག་པར་བྱེད་དམ།",
            "attr":{
                "priority":"translate"
            }
        },
        {
            "name":"ban",
            "value":"མི་ཆོག",
            "attr":{
                "priority":"LT"
            }
        },
        {
            "name":"group_label_document_folder",
            "value":"༼%s༽ཡིས་༼ཡིག་ཚགས་༽ཀྱི་ཡིག་ཁུག་ལ་ལྟ་སྤྱོད་བྱ་ཆོག་པར་བྱེད་དམ།",
            "attr":{
                "priority":"LT"
            }
        },
        {
            "name":"per_use_query",
            "value":"བཀོལ་ཐེངས་རེར་བློ་འདྲི་བ།",
            "attr":{
                "priority":"LT"
            }
        },
        {
            "name":"pasteBoard_desc",
            "value":"བཀག་འགོག་བྱས་རྗེས་ཉེར་སྤྱོད་དེས་དྲས་སྦྱར་པང་ལ་ལྟ་སྤྱོད་བྱ་མི་ཆོག",
            "attr":{
                "priority":"LT"
            }
        },
        {
            "name":"allow_this_time",
            "value":"ཐེངས་འདིར་བཀོལ་ཆོག་པ།",
            "attr":{
                "priority":"LT"
            }
        },
        {
            "name":"allowed_only_during_use",
            "value":"བེད་སྤྱོད་བྱེད་པའི་རིང་ཁོ་ནར་ཆོག་པ།",
            "attr":{
                "priority":"LT"
            }
        },
        {
            "name":"group_label_desktop_folder",
            "value":"༼%s༽ཡིས་༼ཅོག་ངོས་༽ཀྱི་ཡིག་ཁུག་ལ་ལྟ་སྤྱོད་བྱ་ཆོག་པར་བྱེད་དམ།",
            "attr":{
                "priority":"LT"
            }
        },
        {
            "name":"per_inquiry",
            "value":"ཐེངས་རེར་བློ་འདྲི་བ།",
            "attr":{
                "priority":"LT"
            }
        },
        {
            "name":"group_label_download_folder",
            "value":"༼%s༽ཡིས་༼ཕབ་ལེན་༽གྱི་ཡིག་ཁུག་ལ་ལྟ་སྤྱོད་བྱ་ཆོག་པར་བྱེད་དམ།",
            "attr":{
                "priority":"LT"
            }
        },
        {
            "name":"fuzzy_to_exact",
            "value":"༼%s༽ཡི་གནས་ཡུལ་ལྟ་སྤྱོད་དབང་ཚད་དེ་༼གནས་ཡུལ་རགས་པ་༽ནས་༼ཞིབ་ཕྲའི་གནས་ཡུལ་༽ལ་བསྒྱུར་ཆོག་པར་བྱེད་དམ།",
            "attr":{
                "priority":"LT"
            }
        },
        {
            "name":"group_label_appList",
            "value":"༼%s༽ཡིས་སྒྲིག་འཇུག་བྱས་ཟིན་པའི་ཉེར་སྤྱོད་རེའུ་མིག་ཀློག་ལེན་བྱ་ཆོག་པར་བྱེད་དམ།",
            "attr":{
                "priority":"LT"
            }
        },
        {
            "name":"This_time_only",
            "value":"ཐེངས་འདི་ཁ་ོནར་ཆོག་པ།",
            "attr":{
                "priority":"LT"
            }
        },
        {
            "name":"group_label_health",
            "value":"༼%s༽ཡིས་ཚོར་ཆས་བཀོལ་ནས་ཁྱེད་ཀྱི་གཟུགས་པོའི་ཆ་འཕྲིན་ལེན་ཆོག་པར་བྱེད་དམ།",
            "attr":{
                "priority":"LT"
            }
        },
        {
            "name":"group_label_pasteboard",
            "value":"༼%s༽ཡིས་དྲས་སྦྱར་པང་ལས་བྱུང་བའི་ནང་དོན་འདྲ་བཤུ་བྱ་ཆོག་པར་བྱེད་དམ།",
            "attr":{
                "priority":"LT"
            }
        },
        {
            "name":"precise_location_on",
            "value":"ཞིབ་ཕྲའི་གནས་ཡུལ། : ཁ་ཕྱེ་བ།",
            "attr":{
                "priority":"LT"
            }
        },
        {
            "name":"group_label_contacts",
            "value":"༼%s༽ཡིས་ཁ་པར་ཐོ་དེབ་ལ་ལྟ་སྤྱོད་བྱ་ཆོག་པར་བྱེད་དམ།",
            "attr":{
                "priority":"LT"
            }
        },
        {
            "name":"group_label_bluetooth",
            "value":"༼%s༽ཡིས་སོ་སྔོན་ལ་ལྟ་སྤྱོད་བྱ་ཆོག་པར་བྱེད་དམ།",
            "attr":{
                "priority":"LT"
            }
        },
        {
            "name":"group_label_distributed_datasync",
            "value":"༼%s༽ཡིས་སྒྲིག་ཆས་མང་པོའི་མཐུན་སྦྱོར་བཀོལ་སྤྱོད་བྱ་ཆོག་པར་བྱེད་དམ།",
            "attr":{
                "priority":"LT"
            }
        },
        {
            "name":"group_label_document",
            "value":"༼%s༽ཡིས་ཡིག་ཆ་ལ་ལྟ་སྤྱོད་བྱ་ཆོག་པར་བྱེད་དམ།",
            "attr":{
                "priority":"LT"
            }
        },
        {
            "name":"group_label_calendar",
            "value":"༼%s༽ཡིས་ལོ་ཐོ་ལ་ལྟ་སྤྱོད་བྱ་ཆོག་པར་བྱེད་དམ།",
            "attr":{
                "priority":"LT"
            }
        },
        {
            "name":"precise_location_off",
            "value":"ཞིབ་ཕྲའི་གནས་ཡུལ། : ཁ་བརྒྱབ་པ།",
            "attr":{
                "priority":"LT"
            }
        },
        {
            "name":"group_label_camera",
            "value":"༼%s༽ཡིས་ཁྱེད་ཀྱི་པར་ཆས་ལ་ལྟ་སྤྱོད་བྱ་ཆོག་པར་བྱེད་དམ།",
            "attr":{
                "priority":"LT"
            }
        },
        {
            "name":"group_label_nearLink",
            "value":"༼%s༽ཡིས་སྐར་ཆེམ་ལ་ལྟ་སྤྱོད་བྱ་ཆོག་པར་བྱེད་ཀྱི་ཡིན་ནམ།",
            "attr":{
                "priority":"LT"
            }
        },
        {
            "name":"group_label_sport",
            "value":"༼%s༽ཡིས་ལུས་རྩལ་གྱི་གཞི་གྲངས་ལ་ལྟ་སྤྱོད་བྱ་ཆོག་པར་བྱེད་དམ།",
            "attr":{
                "priority":"LT"
            }
        },
        {
            "name":"group_label_image_and_videos",
            "value":"༼%s༽ཡིས་པར་རིས་དང་བརྙན་ཟློས་ལ་ལྟ་སྤྱོད་བྱ་ཆོག་པར་བྱེད་དམ།",
            "attr":{
                "priority":"LT"
            }
        },
        {
            "name":"group_label_location",
            "value":"༼%s༽ཡིས་ཁྱེད་ཀྱི་གནས་ཡུལ་ལ་ལྟ་སྤྱོད་བྱ་ཆོག་པར་བྱེད་དམ།",
            "attr":{
                "priority":"LT"
            }
        },
        {
            "name":"group_label_microphone",
            "value":"༼%s༽ཡིས་ཁྱེད་ཀྱི་སྐད་སྦུག་ལ་ལྟ་སྤྱོད་བྱ་ཆོག་པར་བྱེད་དམ།",
            "attr":{
                "priority":"LT"
            }
        },
        {
            "name":"group_label_audios",
            "value":"༼%s༽ཡིས་རོལ་དབྱངས་དང་སྒྲ་ཟློས་ལ་ལྟ་སྤྱོད་བྱ་ཆོག་པར་བྱེད་དམ།",
            "attr":{
                "priority":"LT"
            }
        },
        {
            "name":"group_label_screenCapture",
            "value":"༼%s༽ཡིས་ཁྱེད་ཀྱི་བརྙན་ཡོལ་གཅོད་ལེན་བྱ་ཆོག་པར་བྱེད་དམ།",
            "attr":{
                "priority":"translate"
            }
        },
        {
            "name":"pasteBoard_app",
            "value":"ནང་དོན་༼%s༽ལས་འདྲ་བཤུས་བྱས། བཀག་རྗེས་ཉེར་སྤྱོད་དེས་དྲས་སྦྱར་པང་ལ་ལྟ་སྤྱོད་བྱ་མི་ཆོག",
            "attr":{
                "priority":"translate"
            }
        }
    ]
}