{
    "string":[
        {
            "name":"SecurityTitle_mediaFiles",
            "value":"安全儲存圖片和影片",
            "attr":{
                "priority":"LT"
            }
        },
        {
            "name":"SecurityDescription_location",
            "value":"僅允許「%s」在您輕觸此按鈕時存取位置。",
            "attr":{
                "priority":"translate"
            }
        },
        {
            "name":"allow",
            "value":"允許",
            "attr":{
                "priority":"LT"
            }
        },
        {
            "name":"SecurityDescription_mediaFiles",
            "value":"僅允許「%s」在您輕觸此按鈕時儲存圖片和影片至圖片庫。",
            "attr":{
                "priority":"translate"
            }
        },
        {
            "name":"SecurityText_location",
            "value":"僅允許「%1$s%2$s」在您輕觸此按鈕時存取位置。",
            "attr":{
                "priority":"translate"
            }
        },
        {
            "name":"SecurityText_mediaFiles",
            "value":"僅允許「%1$s%2$s」在您輕觸此按鈕時儲存圖片和影片至圖片庫。",
            "attr":{
                "priority":"translate"
            }
        },
        {
            "name":"SecurityTitle_location",
            "value":"安全存取位置",
            "attr":{
                "priority":"LT"
            }
        },
        {
            "name":"cancel",
            "value":"取消",
            "attr":{
                "priority":"LT"
            }
        },
        {
            "name":"get_the_exact_position",
            "value":"允許此應用程式取得您的準確位置。停用後，應用程式取得的位置會有偏差，部分不支援此功能的應用程式可能會無法定位。",
            "attr":{
                "priority":"LT"
            }
        },
        {
            "name":"close_exact_position",
            "value":"停用精確位置後，應用程式獲取的位置會有偏差。",
            "attr":{
                "priority":"LT"
            }
        },
        {
            "name":"precise_location",
            "value":"精確位置",
            "attr":{
                "priority":"LT"
            }
        },
        {
            "name":"always_allow",
            "value":"永久允許",
            "attr":{
                "priority":"LT"
            }
        },
        {
            "name":"access_general_location",
            "value":"允許「%s」存取大致位置？",
            "attr":{
                "priority":"LT"
            }
        },
        {
            "name":"group_label_ADS",
            "value":"允許「%s」存取廣告追蹤？",
            "attr":{
                "priority":"translate"
            }
        },
        {
            "name":"ban",
            "value":"禁止",
            "attr":{
                "priority":"LT"
            }
        },
        {
            "name":"group_label_document_folder",
            "value":"允許「%s」存取「文件」資料夾？",
            "attr":{
                "priority":"LT"
            }
        },
        {
            "name":"per_use_query",
            "value":"每次使用時詢問",
            "attr":{
                "priority":"LT"
            }
        },
        {
            "name":"pasteBoard_desc",
            "value":"禁止後將不再允許此應用程式存取剪貼簿。",
            "attr":{
                "priority":"LT"
            }
        },
        {
            "name":"allow_this_time",
            "value":"允許本次使用",
            "attr":{
                "priority":"LT"
            }
        },
        {
            "name":"allowed_only_during_use",
            "value":"僅使用期間允許",
            "attr":{
                "priority":"LT"
            }
        },
        {
            "name":"group_label_desktop_folder",
            "value":"允許「%s」存取「主屏幕」資料夾？",
            "attr":{
                "priority":"LT"
            }
        },
        {
            "name":"per_inquiry",
            "value":"每次均詢問",
            "attr":{
                "priority":"LT"
            }
        },
        {
            "name":"group_label_download_folder",
            "value":"允許「%s」存取「下載」資料夾？",
            "attr":{
                "priority":"LT"
            }
        },
        {
            "name":"fuzzy_to_exact",
            "value":"允許「%s」的位置存取權限從「大致位置」更改為「精確位置」？",
            "attr":{
                "priority":"LT"
            }
        },
        {
            "name":"group_label_appList",
            "value":"允許「%s」讀取已安裝應用程式清單？",
            "attr":{
                "priority":"LT"
            }
        },
        {
            "name":"This_time_only",
            "value":"僅本次允許",
            "attr":{
                "priority":"LT"
            }
        },
        {
            "name":"group_label_health",
            "value":"允許「%s」使用感應器獲取你的身體數據？",
            "attr":{
                "priority":"LT"
            }
        },
        {
            "name":"group_label_pasteboard",
            "value":"允許「%s」複製來自剪貼簿的內容？",
            "attr":{
                "priority":"LT"
            }
        },
        {
            "name":"precise_location_on",
            "value":"精確位置：開啟",
            "attr":{
                "priority":"LT"
            }
        },
        {
            "name":"group_label_contacts",
            "value":"允許「%s」存取聯絡人？",
            "attr":{
                "priority":"LT"
            }
        },
        {
            "name":"group_label_bluetooth",
            "value":"允許「%s」存取藍牙？",
            "attr":{
                "priority":"LT"
            }
        },
        {
            "name":"group_label_distributed_datasync",
            "value":"允許「%s」使用多裝置協同？",
            "attr":{
                "priority":"LT"
            }
        },
        {
            "name":"group_label_document",
            "value":"允許「%s」存取檔案？",
            "attr":{
                "priority":"LT"
            }
        },
        {
            "name":"group_label_calendar",
            "value":"允許「%s」存取日曆？",
            "attr":{
                "priority":"LT"
            }
        },
        {
            "name":"precise_location_off",
            "value":"精確位置：關閉",
            "attr":{
                "priority":"LT"
            }
        },
        {
            "name":"group_label_camera",
            "value":"允許「%s」存取你的相機？",
            "attr":{
                "priority":"LT"
            }
        },
        {
            "name":"group_label_nearLink",
            "value":"允許「%s」存取星閃？",
            "attr":{
                "priority":"LT"
            }
        },
        {
            "name":"group_label_sport",
            "value":"允許「%s」存取運動數據？",
            "attr":{
                "priority":"LT"
            }
        },
        {
            "name":"group_label_image_and_videos",
            "value":"允許「%s」存取圖片和影片？",
            "attr":{
                "priority":"LT"
            }
        },
        {
            "name":"group_label_location",
            "value":"允許「%s」存取你的位置？",
            "attr":{
                "priority":"LT"
            }
        },
        {
            "name":"group_label_microphone",
            "value":"允許「%s」存取你的麥克風？",
            "attr":{
                "priority":"LT"
            }
        },
        {
            "name":"group_label_audios",
            "value":"允許「%s」存取音樂和音訊？",
            "attr":{
                "priority":"LT"
            }
        },
        {
            "name":"group_label_screenCapture",
            "value":"允許「%s」截取您的屏幕？",
            "attr":{
                "priority":"translate"
            }
        },
        {
            "name":"pasteBoard_app",
            "value":"複製內容來自「%s」。禁止後將不再允許此應用程式存取剪貼簿。",
            "attr":{
                "priority":"translate"
            }
        }
    ]
}