

{
    "module": {
        "name": "permissionmanager",
        "type": "feature",
        "srcEntry": "./ets/Application/AbilityStage.ts",
        "description": "PermissionManager",
        "mainElement": "MainAbility",
        "deviceTypes": [
            "default",
            "tablet",
            "wearable",
            "2in1"
        ],
        "deliveryWithInstall": true,
        "installationFree": false,
        "pages": "$profile:main_pages",
        "metadata": [
            {
              "name": "ArkTSPartialUpdate",
              "value": "true"
            },
            {
              "name": "ohos.graphics2d.text.adapter_text_height"
            }
          ],
        "abilities": [
            {
                "name": "com.ohos.permissionmanager.MainAbility",
                "startWindowBackground": "$color:default_background_color",
                "startWindowIcon": "$media:app_icon",
                "srcEntry": "./ets/MainAbility/MainAbility.ts",
                "description": "manage the permissions of all applications from the permission and application dimensions",
                "icon": "$media:app_icon",
                "label": "$string:permission_manager",
                "exported": true,
                "launchType": "singleton",
                "orientation": "auto_rotation_restricted",
                "permissions": ["ohos.permission.ACCESS_SECURITY_PRIVACY_CENTER"],
                "skills": [
                    {
                        "actions": ["action.access.privacy.center"]
                    }
                ],
                "metadata": [
                    {
                        "name": "metadata.access.privacy.center",
                        "value": "security_privacy.json"
                    }
                ]
            }
        ],
        "extensionAbilities": [
            {
                "icon": "$media:app_icon",
                "name": "com.ohos.permissionmanager.GrantAbility",
                "srcEntry": "./ets/ServiceExtAbility/ServiceExtAbility.ts",
                "type": "service",
                "exported": true
            },
            {
                "icon": "$media:app_icon",
                "name": "com.ohos.permissionmanager.GlobalExtAbility",
                "srcEntry": "./ets/GlobalExtAbility/GlobalExtAbility.ts",
                "type": "service",
                "exported": true,
                "permissions": ["ohos.permission.GET_SENSITIVE_PERMISSIONS"]
            },
            {
                "icon": "$media:icon",
                "name": "com.ohos.permissionmanager.SecurityExtAbility",
                "srcEntry": "./ets/SecurityExtAbility/SecurityExtAbility.ts",
                "type": "service",
                "exported": true,
                "permissions": ["ohos.permission.GET_SENSITIVE_PERMISSIONS"]
            },
            {
                "icon": "$media:icon",
                "name": "com.ohos.permissionmanager.PermissionStateSheetAbility",
                "srcEntry": "./ets/PermissionSheet/PermissionStateSheetAbility.ets",
                "type": "sys/commonUI",
                "exported": true
            },
            {
                "icon": "$media:icon",
                "name": "com.ohos.permissionmanager.GlobalSwitchSheetAbility",
                "srcEntry": "./ets/PermissionSheet/GlobalSwitchSheetAbility.ets",
                "type": "sys/commonUI",
                "exported": true
            }
        ],
        "requestPermissions": [
            {
                "name": "ohos.permission.GET_SENSITIVE_PERMISSIONS"
            },
            {
                "name": "ohos.permission.GRANT_SENSITIVE_PERMISSIONS"
            },
            {
                "name": "ohos.permission.REVOKE_SENSITIVE_PERMISSIONS"
            },
            {
                "name": "ohos.permission.GET_BUNDLE_INFO"
            },
            {
                "name": "ohos.permission.GET_BUNDLE_RESOURCES"
            },
            {
                "name": "ohos.permission.PERMISSION_USED_STATS"
            },
            {
                "name": "ohos.permission.GET_INSTALLED_BUNDLE_LIST",
                "reason": "$string:allow",
                "usedScene": {}
            },
            {
                "name": "ohos.permission.LISTEN_BUNDLE_CHANGE"
            },
            {
                "name": "ohos.permission.ACCESS_BUNDLE_DIR"
            },
            {
                "name": "ohos.permission.ACCESS_SECURITY_PRIVACY_CENTER"
            },
            {
                "name": "ohos.permission.MICROPHONE_CONTROL"
            },
            {
                "name": "ohos.permission.CAMERA_CONTROL"
            }
        ]
    }
}