{
    "string":[
        {
            "name":"SecurityTitle_mediaFiles",
            "value":"Galeri'ye özel erişim",
            "attr":{
                "priority":"translate"
            }
        },
        {
            "name":"SecurityDescription_location",
            "value":"Gizliliğinizi korumak için, İzin veriyorum düğmesine dokunduğunuzda %s, konumunuza yalnızca kısa bir süreliğine erişebilir.",
            "attr":{
                "priority":"translate"
            }
        },
        {
            "name":"allow",
            "value":"İzin veriyorum",
            "attr":{
                "priority":"translate"
            }
        },
        {
            "name":"SecurityDescription_mediaFiles",
            "value":"Gizliliğinizi korumak için, İzin veriyorum düğmesine dokunduğunuzda %s, Galeri'ye yalnızca kısa bir süreliğine öğeleri kaydetmek için erişebilir.",
            "attr":{
                "priority":"translate"
            }
        },
        {
            "name":"SecurityTitle_location",
            "value":"Konuma özel erişim",
            "attr":{
                "priority":"translate"
            }
        },
        {
            "name":"cancel",
            "value":"İptal",
            "attr":{
                "priority":"translate"
            }
        },
        {
            "name":"SecurityText_location",
            "value":"Gizliliğinizi korumak için, İzin veriyorum düğmesine dokunduğunuzda %1$s%2$s, konumunuza yalnızca kısa bir süreliğine erişebilir.",
            "attr":{
                "priority":"translate"
            }
        },
        {
            "name":"SecurityText_mediaFiles",
            "value":"Gizliliğinizi korumak için, İzin veriyorum düğmesine dokunduğunuzda %1$s%2$s, Galeri'ye yalnızca kısa bir süreliğine öğeleri kaydetmek için erişebilir.",
            "attr":{
                "priority":"translate"
            }
        }
    ]
}