{
  "string": [
    {
      "name": "noticeitem",
      "value": "noticeitem"
    },
    {
      "name": "flash_off",
      "value": "关闭"
    },
    {
      "name": "auto_flash",
      "value": "开启"
    },
    {
      "name": "flash_always_on",
      "value": "常亮"
    },
    {
      "name": "commonutil_library",
      "value": "commonutil_library"
    },
    {
      "name": "photo_ratio_4_3",
      "value": "4:3"
    },
    {
      "name": "cancel",
      "value": "取消"
    },
    {
      "name": "resolution_1280_720",
      "value": "[16:9] 720p"
    },
    {
      "name": "select_camera",
      "value": "选择摄像头"
    },
    {
      "name": "local_device",
      "value": "本地设备"
    },
    {
      "name": "more_devices",
      "value": "更多设备"
    }
  ]
}
