{
  "string": [
    {
      "name": "commonutil_library",
      "value": "commonutil_library"
    },
    {
      "name": "noticeitem",
      "value": "noticeitem"
    },
    {
      "name": "flash_off",
      "value": "OFF"
    },
    {
      "name": "auto_flash",
      "value": "OPEN"
    },
    {
      "name": "flash_always_on",
      "value": "ALWAYS ON"
    },
    {
      "name": "photo_ratio_4_3",
      "value": "4:3"
    },
    {
      "name": "cancel",
      "value": "CANCEL"
    },
    {
      "name": "resolution_1280_720",
      "value": "[16:9] 720p"
    },
    {
      "name": "select_camera",
      "value": "Select Camera"
    },
    {
      "name": "local_device",
      "value": "Local Device"
    },
    {
      "name": "more_devices",
      "value": "More Devices"
    }
  ]
}
