{
    "string":[
        {
            "name":"SecurityTitle_mediaFiles",
            "value":"Akses privat ke Galeri",
            "attr":{
                "priority":"translate"
            }
        },
        {
            "name":"SecurityDescription_location",
            "value":"Untuk melindungi privasi Anda, %s hanya dapat mengakses lokasi Anda secara singkat ketika Anda mengetuk Izinkan.",
            "attr":{
                "priority":"translate"
            }
        },
        {
            "name":"allow",
            "value":"Izinkan",
            "attr":{
                "priority":"translate"
            }
        },
        {
            "name":"SecurityDescription_mediaFiles",
            "value":"Untuk melindungi privasi Anda, %s hanya dapat mengakses Galeri Anda secara singkat ketika Anda mengetuk Izinkan.",
            "attr":{
                "priority":"translate"
            }
        },
        {
            "name":"SecurityTitle_location",
            "value":"Akses privat ke lokasi",
            "attr":{
                "priority":"translate"
            }
        },
        {
            "name":"cancel",
            "value":"Batal",
            "attr":{
                "priority":"translate"
            }
        },
        {
            "name":"SecurityText_location",
            "value":"Untuk melindungi privasi Anda, %1$s%2$s hanya dapat mengakses lokasi Anda secara singkat ketika Anda mengetuk Izinkan.",
            "attr":{
                "priority":"translate"
            }
        },
        {
            "name":"SecurityText_mediaFiles",
            "value":"Untuk melindungi privasi Anda, %1$s%2$s hanya dapat mengakses Galeri Anda secara singkat ketika Anda mengetuk Izinkan.",
            "attr":{
                "priority":"translate"
            }
        }
    ]
}