{
  "HVIGOR_OHOS_PLUGIN": {
    "MODULES": [
      {
        "MODULE_NAME": "0e5418213cd068f670105fe7b0080409",
        "API_TYPE": "stageMode"
      },
      {
        "MODULE_NAME": "9efab2399c7c560b34de477b9aa0a465",
        "API_TYPE": "stageMode"
      },
      {
        "MODULE_NAME": "13079aa8da548a43bee80c460c069c80",
        "API_TYPE": "stageMode"
      },
      {
        "MODULE_NAME": "19b6560da536286176db5e091b9f844b",
        "API_TYPE": "stageMode"
      }
    ],
    "BUILD_MODE": "debug"
  },
  "HVIGOR": {
    "IS_INCREMENTAL": true,
    "IS_DAEMON": true,
    "IS_PARALLEL": true,
    "IS_HVIGORFILE_TYPE_CHECK": false,
    "TASK_TIME": {
      "0e5418213cd068f670105fe7b0080409": {
        "ConfigureCmake": 745900,
        "PreCheckSyscap": 701200,
        "ProcessIntegratedHsp": 2201600,
        "BuildNativeWithCmake": 1075400,
        "BuildNativeWithNinja": 2373600,
        "BuildJS": 8254200,
        "CollectDebugSymbol": 4382600,
        "assembleHap": 264100
      },
      "13079aa8da548a43bee80c460c069c80": {
        "PreCheckSyscap": 887000,
        "ProcessIntegratedHsp": 2176300,
        "ConfigureCmake": 1027800,
        "BuildNativeWithCmake": 566500,
        "BuildNativeWithNinja": 1247900,
        "BuildJS": 7934000,
        "CollectDebugSymbol": 4102700,
        "assembleHap": 283000
      },
      "19b6560da536286176db5e091b9f844b": {
        "ConfigureCmake": 439200,
        "BuildNativeWithCmake": 410600,
        "BuildNativeWithNinja": 2183700
      },
      "9efab2399c7c560b34de477b9aa0a465": {
        "ConfigureCmake": 542400,
        "BuildNativeWithCmake": 433400,
        "BuildNativeWithNinja": 1694300
      }
    },
    "TOTAL_TIME": 1593955000,
    "BUILD_ID": "202505161031392620"
  }
}