{
    "string":[
        {
            "name":"SecurityTitle_mediaFiles",
            "value":"بىخەتەر رەسىم ۋە سىن ساقلاش ئىجازىتى",
            "attr":{
                "priority":"LT"
            }
        },
        {
            "name":"SecurityDescription_location",
            "value":"\u200f«%s» پەقەت سىز رۇخسەت كۇنۇپكىسىنى چەككەن ۋاقىتتىلا ئورۇن ئۇچۇرىنى ئوقۇيالايدۇ.",
            "attr":{
                "priority":"translate"
            }
        },
        {
            "name":"allow",
            "value":"رۇخسەت",
            "attr":{
                "priority":"LT"
            }
        },
        {
            "name":"SecurityDescription_mediaFiles",
            "value":"\u200f«%s» پەقەت سىز رۇخسەت كۇنۇپكىسىنى چەككەن ۋاقىتتىلا ئامبارغا رەسىم ۋە سىن ساقلىيالايدۇ.",
            "attr":{
                "priority":"translate"
            }
        },
        {
            "name":"SecurityText_location",
            "value":"\u200f«%1$s %2$s» پەقەت سىز رۇخسەت كۇنۇپكىسىنى چەككەن ۋاقىتتا ئورۇن ئۇچۇرىنى ئوقۇيالايدۇ.",
            "attr":{
                "priority":"translate"
            }
        },
        {
            "name":"SecurityText_mediaFiles",
            "value":"\u200f«%1$s %2$s» پەقەت سىز رۇخسەت كۇنۇپكىسىنى چەككەن ۋاقىتتا ئامبارغا رەسىم ۋە سىن ساقلىيالايدۇ.",
            "attr":{
                "priority":"translate"
            }
        },
        {
            "name":"SecurityTitle_location",
            "value":"بىخەتەر ئورۇن ئىجازىتى",
            "attr":{
                "priority":"LT"
            }
        },
        {
            "name":"cancel",
            "value":"بىكار قىلىش",
            "attr":{
                "priority":"LT"
            }
        },
        {
            "name":"get_the_exact_position",
            "value":"بۇ ئەپنىڭ ئېنىق ئورۇن بەلگىلىشىگە رۇخسەت قىلىنىدۇ. بۇ ئېتىك ھالەتتە ئەپ پەقەت تەخمىنىي ئورۇن ئۇچۇرىنى ئىگىلەيدۇ. بۇ ئىقتىدارنى قوللىمايدىغان ئەپلەر ئورۇن بەلگىلىيەلمەسلىكى مۇمكىن.",
            "attr":{
                "priority":"LT"
            }
        },
        {
            "name":"close_exact_position",
            "value":"ئېنىق ئورۇننى ئەتسىڭىز، بۇ ئەپ تەخمىنىي ئورۇن ئۇچۇرىڭىزنىلا ئوقۇيالايدۇ.",
            "attr":{
                "priority":"LT"
            }
        },
        {
            "name":"precise_location",
            "value":"ئېنىق ئورۇن",
            "attr":{
                "priority":"LT"
            }
        },
        {
            "name":"always_allow",
            "value":"ئىزچىل رۇخسەت",
            "attr":{
                "priority":"LT"
            }
        },
        {
            "name":"access_general_location",
            "value":"\u200f«%s» تەخمىنىي ئورۇن ئۇچۇرىنى زىيارەت قىلىدۇ، رۇخسەتمۇ؟",
            "attr":{
                "priority":"LT"
            }
        },
        {
            "name":"group_label_ADS",
            "value":"\u200f«%s» ئۈچۈن ئېلان ئىزلاش ئىجازىتى كېرەك، رۇخسەتمۇ؟",
            "attr":{
                "priority":"translate"
            }
        },
        {
            "name":"ban",
            "value":"چەكلەش",
            "attr":{
                "priority":"LT"
            }
        },
        {
            "name":"group_label_document_folder",
            "value":"\u200f«%s» «پۈتۈك» قىسقۇچىنى زىيارەت قىلىدۇ، رۇخسەتمۇ؟",
            "attr":{
                "priority":"LT"
            }
        },
        {
            "name":"per_use_query",
            "value":"ئىزچىل سوراش",
            "attr":{
                "priority":"LT"
            }
        },
        {
            "name":"pasteBoard_desc",
            "value":"چەكلىسىڭىز، بۇ ئەپ كېسىش تاختىسىنى زىيارەت قىلالمايدۇ.",
            "attr":{
                "priority":"LT"
            }
        },
        {
            "name":"allow_this_time",
            "value":"بۇ قېتىم رۇخسەت",
            "attr":{
                "priority":"LT"
            }
        },
        {
            "name":"allowed_only_during_use",
            "value":"ئىشلەتكەندە رۇخسەت",
            "attr":{
                "priority":"LT"
            }
        },
        {
            "name":"group_label_desktop_folder",
            "value":"\u200f«%s» «ئۈستەليۈزى» قىسقۇچىنى زىيارەت قىلىدۇ، رۇخسەتمۇ؟",
            "attr":{
                "priority":"LT"
            }
        },
        {
            "name":"per_inquiry",
            "value":"ئىزچىل سوراش",
            "attr":{
                "priority":"LT"
            }
        },
        {
            "name":"group_label_download_folder",
            "value":"\u200f«%s» «چۈشۈرۈلمە» قىسقۇچىنى زىيارەت قىلىدۇ، رۇخسەتمۇ؟",
            "attr":{
                "priority":"LT"
            }
        },
        {
            "name":"fuzzy_to_exact",
            "value":"\u200f«%s» نىڭ ئورۇن ئىجازىتى «تەخمىنىي ئورۇن» دىن «ئېنىق ئورۇن» غا ئۆزگىرىدۇ، رۇخسەتمۇ؟",
            "attr":{
                "priority":"LT"
            }
        },
        {
            "name":"group_label_appList",
            "value":"\u200f«%s» نىڭ قاچىلىغان ئەپ تىزىملىكىنى ئوقۇشىغا رۇخسەتمۇ؟",
            "attr":{
                "priority":"LT"
            }
        },
        {
            "name":"This_time_only",
            "value":"بۇ قېتىم رۇخسەت",
            "attr":{
                "priority":"LT"
            }
        },
        {
            "name":"group_label_health",
            "value":"\u200f«%s» بەدەن سەزگۈچ ئارقىلىق بەدەن ئۇچۇرىنى ئوقۇيدۇ، رۇخسەتمۇ؟",
            "attr":{
                "priority":"LT"
            }
        },
        {
            "name":"group_label_pasteboard",
            "value":"\u200f«%s» نىڭ كېسىش تاختىسىدىن مەزمۇن كۆچۈرۈشىگە رۇخسەتمۇ؟",
            "attr":{
                "priority":"LT"
            }
        },
        {
            "name":"precise_location_on",
            "value":"ئېنىق ئورۇن: ئوچۇق",
            "attr":{
                "priority":"LT"
            }
        },
        {
            "name":"group_label_contacts",
            "value":"\u200f«%s» نىڭ ئالاقىداش ئىشلىتىشىگە رۇخسەتمۇ؟",
            "attr":{
                "priority":"LT"
            }
        },
        {
            "name":"group_label_bluetooth",
            "value":"\u200f«%s» نىڭ كۆكچىش ئىشلىتىشىگە رۇخسەتمۇ؟",
            "attr":{
                "priority":"LT"
            }
        },
        {
            "name":"group_label_distributed_datasync",
            "value":"\u200f«%s» نىڭ كۆپ ئۈسكۈنە ھەمكارلىقىغا رۇخسەتمۇ؟",
            "attr":{
                "priority":"LT"
            }
        },
        {
            "name":"group_label_document",
            "value":"\u200f«%s» نىڭ ھۆججەت زىيارەت قىلىشىغا رۇخسەتمۇ؟",
            "attr":{
                "priority":"LT"
            }
        },
        {
            "name":"group_label_calendar",
            "value":"\u200f«%s» نىڭ كالېندار ئىشلىتىشىگە رۇخسەتمۇ؟",
            "attr":{
                "priority":"LT"
            }
        },
        {
            "name":"precise_location_off",
            "value":"ئېنىق ئورۇن: ئېتىك",
            "attr":{
                "priority":"LT"
            }
        },
        {
            "name":"group_label_camera",
            "value":"\u200f«%s» كامېرا ئىشلىتىدۇ، رۇخسەتمۇ؟",
            "attr":{
                "priority":"LT"
            }
        },
        {
            "name":"group_label_nearLink",
            "value":"\u200f«%s» نىڭ «ئۇچقۇن» ئىشلىتىشىگە رۇخسەتمۇ؟",
            "attr":{
                "priority":"LT"
            }
        },
        {
            "name":"group_label_sport",
            "value":"\u200f«%s» چېنىقىش ئۇچۇرىنى زىيارەت قىلىدۇ، رۇخسەتمۇ؟",
            "attr":{
                "priority":"LT"
            }
        },
        {
            "name":"group_label_image_and_videos",
            "value":"\u200f«%s» نىڭ رەسىم ۋە سىن زىيارەت قىلىشىغا رۇخسەتمۇ؟",
            "attr":{
                "priority":"LT"
            }
        },
        {
            "name":"group_label_location",
            "value":"\u200f«%s» ئورۇن ئۇچۇرىڭىزنى زىيارەت قىلىدۇ، رۇخسەتمۇ؟",
            "attr":{
                "priority":"LT"
            }
        },
        {
            "name":"group_label_microphone",
            "value":"\u200f«%s» مىكروفون ئىشلىتىدۇ، رۇخسەتمۇ؟",
            "attr":{
                "priority":"LT"
            }
        },
        {
            "name":"group_label_audios",
            "value":"\u200f«%s» نىڭ مۇزىكا ۋە ئاۋاز ھۆججىتى ئوقۇشىغا رۇخسەتمۇ؟",
            "attr":{
                "priority":"LT"
            }
        },
        {
            "name":"group_label_screenCapture",
            "value":"\u200f«%s» ئېكران تۇتىدۇ، رۇخسەتمۇ؟",
            "attr":{
                "priority":"translate"
            }
        },
        {
            "name":"pasteBoard_app",
            "value":"بۇ مەزمۇن «%s» دىن كەلگەن. چەكلىسىڭىز، بۇ ئەپ كېسىش تاختىسىنى زىيارەت قىلالمايدۇ.",
            "attr":{
                "priority":"translate"
            }
        }
    ]
}