{
  "ohos-module-callui": {
    "SELECT_TARGET": "default",
    "MODULE_BUILD_DIR": "D:\\openharmony_ws\\OpenHarmony-5.0-Release\\applications_call\\applications_call\\entry\\build",
    "DEPENDENCY_INFO": {},
    "TARGETS": {
      "default": {
        "SOURCE_ROOT": "D:\\openharmony_ws\\OpenHarmony-5.0-Release\\applications_call\\applications_call\\entry\\src\\main",
        "RESOURCES_PATH": [
          "D:\\openharmony_ws\\OpenHarmony-5.0-Release\\applications_call\\applications_call\\entry\\src\\main\\resources"
        ],
        "BUILD_PATH": {
          "OUTPUT_PATH": "D:\\openharmony_ws\\OpenHarmony-5.0-Release\\applications_call\\applications_call\\entry\\build\\default\\outputs\\default",
          "INTERMEDIA_PATH": "D:\\openharmony_ws\\OpenHarmony-5.0-Release\\applications_call\\applications_call\\entry\\build\\default\\intermediates",
          "JS_ASSETS_PATH": "D:\\openharmony_ws\\OpenHarmony-5.0-Release\\applications_call\\applications_call\\entry\\build\\default\\intermediates\\loader_out\\default",
          "JS_LITE_ASSETS_PATH": "D:\\openharmony_ws\\OpenHarmony-5.0-Release\\applications_call\\applications_call\\entry\\build\\default\\intermediates\\loader_out_lite\\default",
          "RES_PATH": "D:\\openharmony_ws\\OpenHarmony-5.0-Release\\applications_call\\applications_call\\entry\\build\\default\\intermediates\\res\\default",
          "RES_PROFILE_PATH": "D:\\openharmony_ws\\OpenHarmony-5.0-Release\\applications_call\\applications_call\\entry\\build\\default\\intermediates\\res\\default\\resources\\base\\profile",
          "ETS_SUPER_VISUAL_PATH": "D:\\openharmony_ws\\OpenHarmony-5.0-Release\\applications_call\\applications_call\\entry\\build\\default\\cache\\default\\default@CompileArkTS\\esmodule",
          "JS_SUPER_VISUAL_PATH": "D:\\openharmony_ws\\OpenHarmony-5.0-Release\\applications_call\\applications_call\\entry\\build\\default\\cache\\default\\default@CompileJS\\jsbundle",
          "WORKER_LOADER": "D:\\openharmony_ws\\OpenHarmony-5.0-Release\\applications_call\\applications_call\\entry\\build\\default\\intermediates\\loader\\default\\loader.json",
          "MANIFEST_JSON": "D:\\openharmony_ws\\OpenHarmony-5.0-Release\\applications_call\\applications_call\\entry\\build\\default\\intermediates\\manifest\\default",
          "OUTPUT_METADATA_JSON": "D:\\openharmony_ws\\OpenHarmony-5.0-Release\\applications_call\\applications_call\\entry\\build\\default\\intermediates\\hap_metadata\\default\\output_metadata.json",
          "SOURCE_MAP_DIR": "D:\\openharmony_ws\\OpenHarmony-5.0-Release\\applications_call\\applications_call\\entry\\build\\default\\intermediates\\source_map\\default"
        },
        "BUILD_OPTION": {
          "debuggable": true
        }
      }
    },
    "BUILD_OPTION": {
      "default-default": {
        "debuggable": true,
        "copyFrom": "default",
        "strictMode": {
          "caseSensitiveCheck": true,
          "useNormalizedOHMUrl": true
        }
      }
    },
    "BUILD_PROFILE_OPT": {
      "apiType": "stageMode",
      "buildOption": {},
      "targets": [
        {
          "name": "default"
        }
      ]
    },
    "BUILD_CACHE_DIR": ""
  },
  "ohos-module-common": {
    "SELECT_TARGET": "default",
    "MODULE_BUILD_DIR": "D:\\openharmony_ws\\OpenHarmony-5.0-Release\\applications_call\\applications_call\\common\\build",
    "DEPENDENCY_INFO": {},
    "TARGETS": {
      "default": {
        "SOURCE_ROOT": "D:\\openharmony_ws\\OpenHarmony-5.0-Release\\applications_call\\applications_call\\common\\src\\main",
        "RESOURCES_PATH": [
          "D:\\openharmony_ws\\OpenHarmony-5.0-Release\\applications_call\\applications_call\\common\\src\\main\\resources"
        ],
        "BUILD_PATH": {
          "OUTPUT_PATH": "D:\\openharmony_ws\\OpenHarmony-5.0-Release\\applications_call\\applications_call\\common\\build\\default\\outputs\\default",
          "INTERMEDIA_PATH": "D:\\openharmony_ws\\OpenHarmony-5.0-Release\\applications_call\\applications_call\\common\\build\\default\\intermediates",
          "JS_ASSETS_PATH": "D:\\openharmony_ws\\OpenHarmony-5.0-Release\\applications_call\\applications_call\\common\\build\\default\\intermediates\\loader_out\\default",
          "JS_LITE_ASSETS_PATH": "D:\\openharmony_ws\\OpenHarmony-5.0-Release\\applications_call\\applications_call\\common\\build\\default\\intermediates\\loader_out_lite\\default",
          "RES_PATH": "D:\\openharmony_ws\\OpenHarmony-5.0-Release\\applications_call\\applications_call\\common\\build\\default\\intermediates\\res\\default",
          "RES_PROFILE_PATH": "D:\\openharmony_ws\\OpenHarmony-5.0-Release\\applications_call\\applications_call\\common\\build\\default\\intermediates\\res\\default\\resources\\base\\profile",
          "ETS_SUPER_VISUAL_PATH": "D:\\openharmony_ws\\OpenHarmony-5.0-Release\\applications_call\\applications_call\\common\\build\\default\\cache\\default\\default@HarCompileArkTS\\esmodule",
          "JS_SUPER_VISUAL_PATH": "D:\\openharmony_ws\\OpenHarmony-5.0-Release\\applications_call\\applications_call\\common\\build\\default\\cache\\default\\default@HarCompileJS\\jsbundle",
          "WORKER_LOADER": "D:\\openharmony_ws\\OpenHarmony-5.0-Release\\applications_call\\applications_call\\common\\build\\default\\intermediates\\loader\\default\\loader.json",
          "MANIFEST_JSON": "D:\\openharmony_ws\\OpenHarmony-5.0-Release\\applications_call\\applications_call\\common\\build\\default\\intermediates\\manifest\\default",
          "OUTPUT_METADATA_JSON": "D:\\openharmony_ws\\OpenHarmony-5.0-Release\\applications_call\\applications_call\\common\\build\\default\\intermediates\\hap_metadata\\default\\output_metadata.json",
          "SOURCE_MAP_DIR": "D:\\openharmony_ws\\OpenHarmony-5.0-Release\\applications_call\\applications_call\\common\\build\\default\\intermediates\\source_map\\default"
        },
        "BUILD_OPTION": {
          "debuggable": true
        }
      }
    },
    "BUILD_OPTION": {
      "default-default": {
        "debuggable": true,
        "copyFrom": "default",
        "strictMode": {
          "caseSensitiveCheck": true,
          "useNormalizedOHMUrl": true
        }
      }
    },
    "BUILD_PROFILE_OPT": {
      "apiType": "stageMode",
      "buildOption": {}
    },
    "BUILD_CACHE_DIR": ""
  },
  "ohos-module-mobiledatasettings": {
    "SELECT_TARGET": "default",
    "MODULE_BUILD_DIR": "D:\\openharmony_ws\\OpenHarmony-5.0-Release\\applications_call\\applications_call\\mobiledatasettings\\build",
    "DEPENDENCY_INFO": {
      "archermind": "D:\\openharmony_ws\\OpenHarmony-5.0-Release\\applications_call\\applications_call\\features\\archermind",
      "@ohos/common": "D:\\openharmony_ws\\OpenHarmony-5.0-Release\\applications_call\\applications_call\\common",
      "wings": "D:\\openharmony_ws\\OpenHarmony-5.0-Release\\applications_call\\applications_call\\oh_modules\\.ohpm\\wings@navz+b+tw9qstaupt1zmrrtu25jcevc6x+dgrqtctcs=\\oh_modules\\wings",
      "eventmanager": "D:\\openharmony_ws\\OpenHarmony-5.0-Release\\applications_call\\applications_call\\oh_modules\\.ohpm\\eventmanager@tpffe1qasf6jwonnrkfauy+xqjv+23unsafhj0vgvry=\\oh_modules\\eventmanager",
      "servicemanager": "D:\\openharmony_ws\\OpenHarmony-5.0-Release\\applications_call\\applications_call\\oh_modules\\.ohpm\\servicemanager@tk6k4cqjgtqcu+lzyivdvgs+vc12fzqgdq4kdawazus=\\oh_modules\\servicemanager",
      "workermanager": "D:\\openharmony_ws\\OpenHarmony-5.0-Release\\applications_call\\applications_call\\oh_modules\\.ohpm\\workermanager@ttpa8vklqyd17pwhx+osi0zgljvk5uxnj50hivocrvw=\\oh_modules\\workermanager"
    },
    "TARGETS": {
      "default": {
        "SOURCE_ROOT": "D:\\openharmony_ws\\OpenHarmony-5.0-Release\\applications_call\\applications_call\\mobiledatasettings\\src\\main",
        "RESOURCES_PATH": [
          "D:\\openharmony_ws\\OpenHarmony-5.0-Release\\applications_call\\applications_call\\mobiledatasettings\\src\\main\\resources"
        ],
        "BUILD_PATH": {
          "OUTPUT_PATH": "D:\\openharmony_ws\\OpenHarmony-5.0-Release\\applications_call\\applications_call\\mobiledatasettings\\build\\default\\outputs\\default",
          "INTERMEDIA_PATH": "D:\\openharmony_ws\\OpenHarmony-5.0-Release\\applications_call\\applications_call\\mobiledatasettings\\build\\default\\intermediates",
          "JS_ASSETS_PATH": "D:\\openharmony_ws\\OpenHarmony-5.0-Release\\applications_call\\applications_call\\mobiledatasettings\\build\\default\\intermediates\\loader_out\\default",
          "JS_LITE_ASSETS_PATH": "D:\\openharmony_ws\\OpenHarmony-5.0-Release\\applications_call\\applications_call\\mobiledatasettings\\build\\default\\intermediates\\loader_out_lite\\default",
          "RES_PATH": "D:\\openharmony_ws\\OpenHarmony-5.0-Release\\applications_call\\applications_call\\mobiledatasettings\\build\\default\\intermediates\\res\\default",
          "RES_PROFILE_PATH": "D:\\openharmony_ws\\OpenHarmony-5.0-Release\\applications_call\\applications_call\\mobiledatasettings\\build\\default\\intermediates\\res\\default\\resources\\base\\profile",
          "ETS_SUPER_VISUAL_PATH": "D:\\openharmony_ws\\OpenHarmony-5.0-Release\\applications_call\\applications_call\\mobiledatasettings\\build\\default\\cache\\default\\default@CompileArkTS\\esmodule",
          "JS_SUPER_VISUAL_PATH": "D:\\openharmony_ws\\OpenHarmony-5.0-Release\\applications_call\\applications_call\\mobiledatasettings\\build\\default\\cache\\default\\default@CompileJS\\jsbundle",
          "WORKER_LOADER": "D:\\openharmony_ws\\OpenHarmony-5.0-Release\\applications_call\\applications_call\\mobiledatasettings\\build\\default\\intermediates\\loader\\default\\loader.json",
          "MANIFEST_JSON": "D:\\openharmony_ws\\OpenHarmony-5.0-Release\\applications_call\\applications_call\\mobiledatasettings\\build\\default\\intermediates\\manifest\\default",
          "OUTPUT_METADATA_JSON": "D:\\openharmony_ws\\OpenHarmony-5.0-Release\\applications_call\\applications_call\\mobiledatasettings\\build\\default\\intermediates\\hap_metadata\\default\\output_metadata.json",
          "SOURCE_MAP_DIR": "D:\\openharmony_ws\\OpenHarmony-5.0-Release\\applications_call\\applications_call\\mobiledatasettings\\build\\default\\intermediates\\source_map\\default"
        },
        "BUILD_OPTION": {
          "debuggable": true
        }
      }
    },
    "BUILD_OPTION": {
      "default-default": {
        "debuggable": true,
        "copyFrom": "default",
        "strictMode": {
          "caseSensitiveCheck": true,
          "useNormalizedOHMUrl": true
        }
      }
    },
    "BUILD_PROFILE_OPT": {
      "apiType": "stageMode",
      "buildOption": {},
      "entryModules": [
        "callui"
      ],
      "targets": [
        {
          "name": "default"
        }
      ]
    },
    "BUILD_CACHE_DIR": ""
  },
  "ohos-module-archermind": {
    "SELECT_TARGET": "default",
    "MODULE_BUILD_DIR": "D:\\openharmony_ws\\OpenHarmony-5.0-Release\\applications_call\\applications_call\\features\\archermind\\build",
    "DEPENDENCY_INFO": {
      "wings": "D:\\openharmony_ws\\OpenHarmony-5.0-Release\\applications_call\\applications_call\\oh_modules\\.ohpm\\wings@navz+b+tw9qstaupt1zmrrtu25jcevc6x+dgrqtctcs=\\oh_modules\\wings",
      "eventmanager": "D:\\openharmony_ws\\OpenHarmony-5.0-Release\\applications_call\\applications_call\\oh_modules\\.ohpm\\eventmanager@tpffe1qasf6jwonnrkfauy+xqjv+23unsafhj0vgvry=\\oh_modules\\eventmanager",
      "servicemanager": "D:\\openharmony_ws\\OpenHarmony-5.0-Release\\applications_call\\applications_call\\oh_modules\\.ohpm\\servicemanager@tk6k4cqjgtqcu+lzyivdvgs+vc12fzqgdq4kdawazus=\\oh_modules\\servicemanager",
      "workermanager": "D:\\openharmony_ws\\OpenHarmony-5.0-Release\\applications_call\\applications_call\\oh_modules\\.ohpm\\workermanager@ttpa8vklqyd17pwhx+osi0zgljvk5uxnj50hivocrvw=\\oh_modules\\workermanager"
    },
    "TARGETS": {
      "default": {
        "SOURCE_ROOT": "D:\\openharmony_ws\\OpenHarmony-5.0-Release\\applications_call\\applications_call\\features\\archermind\\src\\main",
        "RESOURCES_PATH": [
          "D:\\openharmony_ws\\OpenHarmony-5.0-Release\\applications_call\\applications_call\\features\\archermind\\src\\main\\resources"
        ],
        "BUILD_PATH": {
          "OUTPUT_PATH": "D:\\openharmony_ws\\OpenHarmony-5.0-Release\\applications_call\\applications_call\\features\\archermind\\build\\default\\outputs\\default",
          "INTERMEDIA_PATH": "D:\\openharmony_ws\\OpenHarmony-5.0-Release\\applications_call\\applications_call\\features\\archermind\\build\\default\\intermediates",
          "JS_ASSETS_PATH": "D:\\openharmony_ws\\OpenHarmony-5.0-Release\\applications_call\\applications_call\\features\\archermind\\build\\default\\intermediates\\loader_out\\default",
          "JS_LITE_ASSETS_PATH": "D:\\openharmony_ws\\OpenHarmony-5.0-Release\\applications_call\\applications_call\\features\\archermind\\build\\default\\intermediates\\loader_out_lite\\default",
          "RES_PATH": "D:\\openharmony_ws\\OpenHarmony-5.0-Release\\applications_call\\applications_call\\features\\archermind\\build\\default\\intermediates\\res\\default",
          "RES_PROFILE_PATH": "D:\\openharmony_ws\\OpenHarmony-5.0-Release\\applications_call\\applications_call\\features\\archermind\\build\\default\\intermediates\\res\\default\\resources\\base\\profile",
          "ETS_SUPER_VISUAL_PATH": "D:\\openharmony_ws\\OpenHarmony-5.0-Release\\applications_call\\applications_call\\features\\archermind\\build\\default\\cache\\default\\default@HarCompileArkTS\\esmodule",
          "JS_SUPER_VISUAL_PATH": "D:\\openharmony_ws\\OpenHarmony-5.0-Release\\applications_call\\applications_call\\features\\archermind\\build\\default\\cache\\default\\default@HarCompileJS\\jsbundle",
          "WORKER_LOADER": "D:\\openharmony_ws\\OpenHarmony-5.0-Release\\applications_call\\applications_call\\features\\archermind\\build\\default\\intermediates\\loader\\default\\loader.json",
          "MANIFEST_JSON": "D:\\openharmony_ws\\OpenHarmony-5.0-Release\\applications_call\\applications_call\\features\\archermind\\build\\default\\intermediates\\manifest\\default",
          "OUTPUT_METADATA_JSON": "D:\\openharmony_ws\\OpenHarmony-5.0-Release\\applications_call\\applications_call\\features\\archermind\\build\\default\\intermediates\\hap_metadata\\default\\output_metadata.json",
          "SOURCE_MAP_DIR": "D:\\openharmony_ws\\OpenHarmony-5.0-Release\\applications_call\\applications_call\\features\\archermind\\build\\default\\intermediates\\source_map\\default"
        },
        "BUILD_OPTION": {
          "debuggable": true
        }
      }
    },
    "BUILD_OPTION": {
      "default-default": {
        "debuggable": true,
        "copyFrom": "default",
        "strictMode": {
          "caseSensitiveCheck": true,
          "useNormalizedOHMUrl": true
        },
        "name": "debug"
      }
    },
    "BUILD_PROFILE_OPT": {
      "apiType": "stageMode",
      "buildOption": {},
      "buildOptionSet": [
        {
          "name": "release",
          "arkOptions": {
            "obfuscation": {
              "ruleOptions": {
                "enable": false,
                "files": [
                  "./obfuscation-rules.txt"
                ]
              },
              "consumerFiles": [
                "./consumer-rules.txt"
              ]
            }
          }
        },
        {
          "name": "default"
        },
        {
          "name": "debug"
        }
      ],
      "targets": [
        {
          "name": "default"
        },
        {
          "name": "ohosTest"
        }
      ]
    },
    "BUILD_CACHE_DIR": ""
  },
  "ohos-project": {
    "SELECT_PRODUCT_NAME": "default",
    "MODULE_BUILD_DIR": "D:\\openharmony_ws\\OpenHarmony-5.0-Release\\applications_call\\applications_call\\build",
    "BUNDLE_NAME": "com.ohos.callui",
    "BUILD_PATH": {
      "OUTPUT_PATH": "D:\\openharmony_ws\\OpenHarmony-5.0-Release\\applications_call\\applications_call\\build\\outputs\\default"
    },
    "MODULES": [
      {
        "name": "callui",
        "srcPath": "D:\\openharmony_ws\\OpenHarmony-5.0-Release\\applications_call\\applications_call\\entry",
        "targets": [
          {
            "name": "default",
            "applyToProducts": [
              "default"
            ]
          }
        ],
        "belongProjectPath": "D:\\openharmony_ws\\OpenHarmony-5.0-Release\\applications_call\\applications_call"
      },
      {
        "name": "common",
        "srcPath": "D:\\openharmony_ws\\OpenHarmony-5.0-Release\\applications_call\\applications_call\\common",
        "belongProjectPath": "D:\\openharmony_ws\\OpenHarmony-5.0-Release\\applications_call\\applications_call"
      },
      {
        "name": "mobiledatasettings",
        "srcPath": "D:\\openharmony_ws\\OpenHarmony-5.0-Release\\applications_call\\applications_call\\mobiledatasettings",
        "targets": [
          {
            "name": "default",
            "applyToProducts": [
              "default"
            ]
          }
        ],
        "belongProjectPath": "D:\\openharmony_ws\\OpenHarmony-5.0-Release\\applications_call\\applications_call"
      },
      {
        "name": "archermind",
        "srcPath": "D:\\openharmony_ws\\OpenHarmony-5.0-Release\\applications_call\\applications_call\\features\\archermind",
        "belongProjectPath": "D:\\openharmony_ws\\OpenHarmony-5.0-Release\\applications_call\\applications_call"
      }
    ],
    "PROFILE_OPT": {
      "app": {
        "signingConfigs": [
          {
            "name": "release",
            "material": {
              "storePassword": "0000001950E8C9471F34BF6AF2993988AE51926BD1B2E8FC47CC66A5BB5E77110D5758F5AEAC636B2C",
              "certpath": "signature/OpenHarmony.cer",
              "keyAlias": "OpenHarmony Application Profile Release",
              "keyPassword": "0000001996325AC41FCA6086C9759E9A2219B545DE3659C414052013C4398CF2371B8055916384CA7F",
              "profile": "signature/callui.p7b",
              "signAlg": "SHA256withECDSA",
              "storeFile": "signature/OpenHarmony.p12"
            }
          }
        ],
        "products": [
          {
            "name": "default",
            "signingConfig": "release",
            "compileSdkVersion": 15,
            "compatibleSdkVersion": 15,
            "runtimeOS": "OpenHarmony",
            "buildOption": {
              "strictMode": {
                "caseSensitiveCheck": true,
                "useNormalizedOHMUrl": true
              }
            }
          }
        ]
      },
      "modules": [
        {
          "name": "callui",
          "srcPath": "./entry",
          "targets": [
            {
              "name": "default",
              "applyToProducts": [
                "default"
              ]
            }
          ]
        },
        {
          "name": "common",
          "srcPath": "./common"
        },
        {
          "name": "mobiledatasettings",
          "srcPath": "./mobiledatasettings",
          "targets": [
            {
              "name": "default",
              "applyToProducts": [
                "default"
              ]
            }
          ]
        },
        {
          "name": "archermind",
          "srcPath": "./features/archermind"
        }
      ]
    },
    "CONFIG_PROPERTIES": {
      "enableSignTask": true,
      "skipNativeIncremental": false,
      "hvigor.keepDependency": true
    },
    "OVERALL_PROJECT_PATHS": [
      "D:\\openharmony_ws\\OpenHarmony-5.0-Release\\applications_call\\applications_call"
    ],
    "BUILD_CACHE_DIR": ""
  },
  "version": 1
}