{
    "string":[
        {
            "name":"SecurityTitle_mediaFiles",
            "value":"갤러리에 비공개 액세스",
            "attr":{
                "priority":"translate"
            }
        },
        {
            "name":"SecurityDescription_location",
            "value":"개인 정보 보호를 위해 %s 앱은 허용을 탭할 때만 위치에 잠시 액세스할 수 있습니다.",
            "attr":{
                "priority":"translate"
            }
        },
        {
            "name":"allow",
            "value":"허용",
            "attr":{
                "priority":"translate"
            }
        },
        {
            "name":"SecurityDescription_mediaFiles",
            "value":"개인 정보 보호를 위해 %s 앱은 허용을 탭할 때만 항목을 저장하기 위해 갤러리에 잠시 액세스할 수 있습니다.",
            "attr":{
                "priority":"translate"
            }
        },
        {
            "name":"SecurityTitle_location",
            "value":"위치에 비공개 액세스",
            "attr":{
                "priority":"translate"
            }
        },
        {
            "name":"cancel",
            "value":"취소",
            "attr":{
                "priority":"translate"
            }
        },
        {
            "name":"SecurityText_location",
            "value":"개인 정보 보호를 위해 %1$s 앱(%2$s)은 허용을 탭할 때만 위치에 잠시 액세스할 수 있습니다.",
            "attr":{
                "priority":"translate"
            }
        },
        {
            "name":"SecurityText_mediaFiles",
            "value":"개인 정보 보호를 위해 %1$s 앱(%2$s)은 허용을 탭할 때만 항목을 저장하기 위해 갤러리에 잠시 액세스할 수 있습니다.",
            "attr":{
                "priority":"translate"
            }
        }
    ]
}