{
  "version": "2.0",
  "ppid": 41176,
  "events": [
    {
      "head": {
        "id": "9a9d6c03-0fc4-40e1-8fae-e9a5b79801f2",
        "name": "hvigor build process will be closed.",
        "description": "",
        "type": "log"
      },
      "body": {
        "pid": 42588,
        "tid": "Main Thread",
        "startTime": 115723655003900
      },
      "additional": {
        "logType": "debug",
        "children": []
      }
    },
    {
      "head": {
        "id": "61b4d55c-d6f6-49a8-9eaf-009cb5f90819",
        "name": "watch worker: worker id should be larger than 0. Nothing will be sent to any worker thread.",
        "description": "",
        "type": "log"
      },
      "body": {
        "pid": 42588,
        "tid": "Main Thread",
        "startTime": 115723656533500
      },
      "additional": {
        "logType": "debug",
        "children": []
      }
    },
    {
      "head": {
        "id": "b70fcb11-b473-414a-8715-cfbc4a532b07",
        "name": "watch worker: worker id should be larger than 0. Nothing will be sent to any worker thread.",
        "description": "",
        "type": "log"
      },
      "body": {
        "pid": 42588,
        "tid": "Main Thread",
        "startTime": 115723656733700
      },
      "additional": {
        "logType": "debug",
        "children": []
      }
    },
    {
      "head": {
        "id": "b2896875-9a68-4b96-aa74-ea4554ce9fe8",
        "name": "worker[0] exits with exit code 0.",
        "description": "",
        "type": "log"
      },
      "body": {
        "pid": 42588,
        "tid": "Main Thread",
        "startTime": 115723657305700
      },
      "additional": {
        "logType": "debug",
        "children": []
      }
    },
    {
      "head": {
        "id": "a9943b3c-271c-4c81-9d51-8beecf97d5e9",
        "name": "worker[1] exits with exit code 0.",
        "description": "",
        "type": "log"
      },
      "body": {
        "pid": 42588,
        "tid": "Main Thread",
        "startTime": 115723657603500
      },
      "additional": {
        "logType": "debug",
        "children": []
      }
    },
    {
      "head": {
        "id": "1af4b427-3b3c-49b6-8d3e-f43e02be0450",
        "name": "watch worker: worker id should be larger than 0. Nothing will be sent to any worker thread.",
        "description": "",
        "type": "log"
      },
      "body": {
        "pid": 42588,
        "tid": "Main Thread",
        "startTime": 115764938257200
      },
      "additional": {
        "logType": "debug",
        "children": []
      }
    },
    {
      "head": {
        "id": "3e803c34-5fb6-49fe-9f6a-8025681149c9",
        "name": "init",
        "description": "Initialize and build task graph.",
        "type": "duration"
      },
      "body": {
        "pid": 42588,
        "tid": "Main Thread",
        "startTime": 115764945336600
      },
      "additional": {
        "children": [
          "c0c9908a-5a6f-4c35-b347-a5edba896e30",
          "72f238f4-7c57-4a72-a702-2f3f21ff6888",
          "3d2c5da8-64b4-4e73-8091-cc7a288caa89",
          "fd9889fa-a075-406a-ac25-aa47975f72eb",
          "97aade3d-7ff1-4a89-90a7-37e282d1c320",
          "8d8bfc19-88da-4dd9-a8d1-b64c4b2758a4"
        ],
        "state": "running",
        "targetName": "",
        "moduleName": "",
        "category": "Init",
        "taskRunReasons": []
      },
      "log": {
        "_logger": {
          "category": "DurationEvent",
          "context": {},
          "callStackSkipIndex": 0
        },
        "_filelogger": {
          "category": "debug-file",
          "context": {},
          "callStackSkipIndex": 0
        },
        "anonymizeFileLogger": {
          "fileLogger": {
            "category": "debug-file",
            "context": {},
            "callStackSkipIndex": 0
          }
        }
      }
    },
    {
      "head": {
        "id": "c0c9908a-5a6f-4c35-b347-a5edba896e30",
        "name": "create hvigor project model",
        "description": "Initialize hvigor project model.",
        "type": "duration"
      },
      "body": {
        "pid": 42588,
        "tid": "Main Thread",
        "startTime": 115764945339000,
        "endTime": 115764963426700
      },
      "additional": {
        "children": [],
        "state": "success",
        "targetName": "",
        "moduleName": "",
        "category": "",
        "taskRunReasons": [],
        "parent": "3e803c34-5fb6-49fe-9f6a-8025681149c9",
        "logId": "c673cccb-c87b-41d6-9ef3-87df922e8e08"
      },
      "log": {
        "_logger": {
          "category": "DurationEvent",
          "context": {},
          "callStackSkipIndex": 0
        },
        "_filelogger": {
          "category": "debug-file",
          "context": {},
          "callStackSkipIndex": 0
        },
        "anonymizeFileLogger": {
          "fileLogger": {
            "category": "debug-file",
            "context": {},
            "callStackSkipIndex": 0
          }
        }
      }
    },
    {
      "head": {
        "id": "72f238f4-7c57-4a72-a702-2f3f21ff6888",
        "name": "configure hvigor plugin",
        "description": "Configure hvigor plugin.",
        "type": "duration"
      },
      "body": {
        "pid": 42588,
        "tid": "Main Thread",
        "startTime": 115764963464000
      },
      "additional": {
        "children": [
          "b04fcb17-592b-48dc-b730-4b3d480b7794",
          "2e640b6b-18aa-4472-9674-6818db67931d",
          "caa59061-64d2-4989-96a5-2e30d3df42d7",
          "6add10e9-82d0-452f-b90f-99da48a1e4fd",
          "3c7672d5-8008-4eea-9315-13f4a33ef3d2",
          "03d944d1-6bf5-4d9c-a502-0e940cf63f2d",
          "4100dc77-3814-4a11-bbcf-dffd74e68bc5",
          "a67fbf32-9bd0-4203-9cb9-4e13427ee209"
        ],
        "state": "running",
        "targetName": "",
        "moduleName": "",
        "category": "",
        "taskRunReasons": [],
        "parent": "3e803c34-5fb6-49fe-9f6a-8025681149c9"
      },
      "log": {
        "_logger": {
          "category": "DurationEvent",
          "context": {},
          "callStackSkipIndex": 0
        },
        "_filelogger": {
          "category": "debug-file",
          "context": {},
          "callStackSkipIndex": 0
        },
        "anonymizeFileLogger": {
          "fileLogger": {
            "category": "debug-file",
            "context": {},
            "callStackSkipIndex": 0
          }
        }
      }
    },
    {
      "head": {
        "id": "97aade3d-7ff1-4a89-90a7-37e282d1c320",
        "name": "\"configEvaluated\" hook function",
        "description": "",
        "type": "duration"
      },
      "body": {
        "pid": 42588,
        "tid": "Main Thread",
        "startTime": 115764949430100,
        "endTime": 115764949474300
      },
      "additional": {
        "children": [],
        "state": "success",
        "targetName": "",
        "moduleName": "",
        "category": "",
        "taskRunReasons": [],
        "parent": "3e803c34-5fb6-49fe-9f6a-8025681149c9",
        "logId": "d21616a8-e38e-4f1e-b71c-466f84cbec03"
      },
      "log": {
        "_logger": {
          "category": "DurationEvent",
          "context": {},
          "callStackSkipIndex": 0
        },
        "_filelogger": {
          "category": "debug-file",
          "context": {},
          "callStackSkipIndex": 0
        },
        "anonymizeFileLogger": {
          "fileLogger": {
            "category": "debug-file",
            "context": {},
            "callStackSkipIndex": 0
          }
        }
      }
    },
    {
      "head": {
        "id": "d21616a8-e38e-4f1e-b71c-466f84cbec03",
        "name": "\"configEvaluated\" hook function",
        "description": "",
        "type": "log"
      },
      "body": {
        "pid": 42588,
        "tid": "Main Thread",
        "startTime": 115764949430100,
        "endTime": 115764949474300
      },
      "additional": {
        "logType": "info",
        "children": [],
        "durationId": "97aade3d-7ff1-4a89-90a7-37e282d1c320"
      }
    },
    {
      "head": {
        "id": "8d8bfc19-88da-4dd9-a8d1-b64c4b2758a4",
        "name": "\"nodesInitialized\" hook function",
        "description": "",
        "type": "duration"
      },
      "body": {
        "pid": 42588,
        "tid": "Main Thread",
        "startTime": 115764959553800,
        "endTime": 115764959577000
      },
      "additional": {
        "children": [],
        "state": "success",
        "targetName": "",
        "moduleName": "",
        "category": "",
        "taskRunReasons": [],
        "parent": "3e803c34-5fb6-49fe-9f6a-8025681149c9",
        "logId": "b8e19367-6c96-41b4-9062-c620f8d6dd29"
      },
      "log": {
        "_logger": {
          "category": "DurationEvent",
          "context": {},
          "callStackSkipIndex": 0
        },
        "_filelogger": {
          "category": "debug-file",
          "context": {},
          "callStackSkipIndex": 0
        },
        "anonymizeFileLogger": {
          "fileLogger": {
            "category": "debug-file",
            "context": {},
            "callStackSkipIndex": 0
          }
        }
      }
    },
    {
      "head": {
        "id": "b8e19367-6c96-41b4-9062-c620f8d6dd29",
        "name": "\"nodesInitialized\" hook function",
        "description": "",
        "type": "log"
      },
      "body": {
        "pid": 42588,
        "tid": "Main Thread",
        "startTime": 115764959553800,
        "endTime": 115764959577000
      },
      "additional": {
        "logType": "info",
        "children": [],
        "durationId": "8d8bfc19-88da-4dd9-a8d1-b64c4b2758a4"
      }
    },
    {
      "head": {
        "id": "9d959874-cb36-4abb-a058-271330118931",
        "name": "Hvigor init with startParameters:{\n  hvigorfileTypeCheck: false,\n  parallelExecution: true,\n  incrementalExecution: true,\n  printStackTrace: false,\n  daemon: true,\n  analyze: 0,\n  logLevel: Level { level: 20000, levelStr: 'INFO', colour: 'green' }\n}",
        "description": "",
        "type": "log"
      },
      "body": {
        "pid": 42588,
        "tid": "Main Thread",
        "startTime": 115764959649100
      },
      "additional": {
        "logType": "debug",
        "children": []
      }
    },
    {
      "head": {
        "id": "250a63d5-60a5-4960-bdd2-fee0beb063a4",
        "name": "Since current hvigor version 5.15.1 differs from last hvigor version \n      undefined, delete file-cache.json and task-cache.json.",
        "description": "",
        "type": "log"
      },
      "body": {
        "pid": 42588,
        "tid": "Main Thread",
        "startTime": 115764961503000
      },
      "additional": {
        "logType": "debug",
        "children": []
      }
    },
    {
      "head": {
        "id": "e7f8a6ca-f70f-40a6-914e-d9f9cdbc5c27",
        "name": "Cache service initialization finished in 4 ms ",
        "description": "",
        "type": "log"
      },
      "body": {
        "pid": 42588,
        "tid": "Main Thread",
        "startTime": 115764963299600
      },
      "additional": {
        "logType": "debug",
        "children": []
      }
    },
    {
      "head": {
        "id": "c673cccb-c87b-41d6-9ef3-87df922e8e08",
        "name": "create hvigor project model",
        "description": "",
        "type": "log"
      },
      "body": {
        "pid": 42588,
        "tid": "Main Thread",
        "startTime": 115764945339000,
        "endTime": 115764963426700
      },
      "additional": {
        "logType": "info",
        "children": [],
        "durationId": "c0c9908a-5a6f-4c35-b347-a5edba896e30"
      }
    },
    {
      "head": {
        "id": "b04fcb17-592b-48dc-b730-4b3d480b7794",
        "name": "init configuration",
        "description": "Initialize configuration.",
        "type": "duration"
      },
      "body": {
        "pid": 42588,
        "tid": "Main Thread",
        "startTime": 115764971228700,
        "endTime": 115764971278700
      },
      "additional": {
        "children": [],
        "state": "success",
        "targetName": "",
        "moduleName": "",
        "category": "",
        "taskRunReasons": [],
        "parent": "72f238f4-7c57-4a72-a702-2f3f21ff6888",
        "logId": "1a1e9ec4-ee46-4c63-b261-5409a70ed4bb"
      },
      "log": {
        "_logger": {
          "category": "DurationEvent",
          "context": {},
          "callStackSkipIndex": 0
        },
        "_filelogger": {
          "category": "debug-file",
          "context": {},
          "callStackSkipIndex": 0
        },
        "anonymizeFileLogger": {
          "fileLogger": {
            "category": "debug-file",
            "context": {},
            "callStackSkipIndex": 0
          }
        }
      }
    },
    {
      "head": {
        "id": "2e640b6b-18aa-4472-9674-6818db67931d",
        "name": "configure project task",
        "description": "Configure project task.",
        "type": "duration"
      },
      "body": {
        "pid": 42588,
        "tid": "Main Thread",
        "startTime": 115764971340500,
        "endTime": 115764976017300
      },
      "additional": {
        "children": [],
        "state": "success",
        "targetName": "",
        "moduleName": "",
        "category": "",
        "taskRunReasons": [],
        "parent": "72f238f4-7c57-4a72-a702-2f3f21ff6888",
        "logId": "c51d9665-9ed1-4e05-abb8-9389ecd894d4"
      },
      "log": {
        "_logger": {
          "category": "DurationEvent",
          "context": {},
          "callStackSkipIndex": 0
        },
        "_filelogger": {
          "category": "debug-file",
          "context": {},
          "callStackSkipIndex": 0
        },
        "anonymizeFileLogger": {
          "fileLogger": {
            "category": "debug-file",
            "context": {},
            "callStackSkipIndex": 0
          }
        }
      }
    },
    {
      "head": {
        "id": "caa59061-64d2-4989-96a5-2e30d3df42d7",
        "name": "eval project",
        "description": "Evaluate project.",
        "type": "duration"
      },
      "body": {
        "pid": 42588,
        "tid": "Main Thread",
        "startTime": 115764976034000
      },
      "additional": {
        "children": [
          "9c2acb3a-99dd-4524-84fe-52d71eb7327d",
          "631d0d07-58e1-4130-83fb-334c133249ca"
        ],
        "state": "running",
        "targetName": "",
        "moduleName": "",
        "category": "",
        "taskRunReasons": [],
        "parent": "72f238f4-7c57-4a72-a702-2f3f21ff6888"
      },
      "log": {
        "_logger": {
          "category": "DurationEvent",
          "context": {},
          "callStackSkipIndex": 0
        },
        "_filelogger": {
          "category": "debug-file",
          "context": {},
          "callStackSkipIndex": 0
        },
        "anonymizeFileLogger": {
          "fileLogger": {
            "category": "debug-file",
            "context": {},
            "callStackSkipIndex": 0
          }
        }
      }
    },
    {
      "head": {
        "id": "1a1e9ec4-ee46-4c63-b261-5409a70ed4bb",
        "name": "init configuration",
        "description": "",
        "type": "log"
      },
      "body": {
        "pid": 42588,
        "tid": "Main Thread",
        "startTime": 115764971228700,
        "endTime": 115764971278700
      },
      "additional": {
        "logType": "info",
        "children": [],
        "durationId": "b04fcb17-592b-48dc-b730-4b3d480b7794"
      }
    },
    {
      "head": {
        "id": "c51d9665-9ed1-4e05-abb8-9389ecd894d4",
        "name": "configure project task",
        "description": "",
        "type": "log"
      },
      "body": {
        "pid": 42588,
        "tid": "Main Thread",
        "startTime": 115764971340500,
        "endTime": 115764976017300
      },
      "additional": {
        "logType": "info",
        "children": [],
        "durationId": "2e640b6b-18aa-4472-9674-6818db67931d"
      }
    },
    {
      "head": {
        "id": "9c2acb3a-99dd-4524-84fe-52d71eb7327d",
        "name": "\"beforeNodeEvaluate\" hook function",
        "description": "",
        "type": "duration"
      },
      "body": {
        "pid": 42588,
        "tid": "Main Thread",
        "startTime": 115764976716500,
        "endTime": 115764976734300
      },
      "additional": {
        "children": [],
        "state": "success",
        "targetName": "",
        "moduleName": "",
        "category": "",
        "taskRunReasons": [],
        "parent": "caa59061-64d2-4989-96a5-2e30d3df42d7",
        "logId": "743aa8b3-1b39-4bf4-971f-6e6dfeea4373"
      },
      "log": {
        "_logger": {
          "category": "DurationEvent",
          "context": {},
          "callStackSkipIndex": 0
        },
        "_filelogger": {
          "category": "debug-file",
          "context": {},
          "callStackSkipIndex": 0
        },
        "anonymizeFileLogger": {
          "fileLogger": {
            "category": "debug-file",
            "context": {},
            "callStackSkipIndex": 0
          }
        }
      }
    },
    {
      "head": {
        "id": "743aa8b3-1b39-4bf4-971f-6e6dfeea4373",
        "name": "\"beforeNodeEvaluate\" hook function",
        "description": "",
        "type": "log"
      },
      "body": {
        "pid": 42588,
        "tid": "Main Thread",
        "startTime": 115764976716500,
        "endTime": 115764976734300
      },
      "additional": {
        "logType": "info",
        "children": [],
        "durationId": "9c2acb3a-99dd-4524-84fe-52d71eb7327d"
      }
    },
    {
      "head": {
        "id": "631d0d07-58e1-4130-83fb-334c133249ca",
        "name": "eval hvigorfile",
        "description": "Evaluate hvigorfile.",
        "type": "duration"
      },
      "body": {
        "pid": 42588,
        "tid": "Main Thread",
        "startTime": 115764978991500
      },
      "additional": {
        "children": [
          "c87731ad-fd9b-4517-af28-d167bf3f6974",
          "be57339b-45f4-44db-95f4-f4505f7a978c"
        ],
        "state": "running",
        "targetName": "",
        "moduleName": "",
        "category": "",
        "taskRunReasons": [],
        "parent": "caa59061-64d2-4989-96a5-2e30d3df42d7"
      },
      "log": {
        "_logger": {
          "category": "DurationEvent",
          "context": {},
          "callStackSkipIndex": 0
        },
        "_filelogger": {
          "category": "debug-file",
          "context": {},
          "callStackSkipIndex": 0
        },
        "anonymizeFileLogger": {
          "fileLogger": {
            "category": "debug-file",
            "context": {},
            "callStackSkipIndex": 0
          }
        }
      }
    },
    {
      "head": {
        "id": "c87731ad-fd9b-4517-af28-d167bf3f6974",
        "name": "require hvigorfile",
        "description": "Require hvigorfile.",
        "type": "duration"
      },
      "body": {
        "pid": 42588,
        "tid": "Main Thread",
        "startTime": 115764978992500,
        "endTime": 115764979712500
      },
      "additional": {
        "children": [],
        "state": "success",
        "targetName": "",
        "moduleName": "",
        "category": "",
        "taskRunReasons": [],
        "parent": "631d0d07-58e1-4130-83fb-334c133249ca",
        "logId": "17f9a08f-65e0-49f8-afef-893b64bdf522"
      },
      "log": {
        "_logger": {
          "category": "DurationEvent",
          "context": {},
          "callStackSkipIndex": 0
        },
        "_filelogger": {
          "category": "debug-file",
          "context": {},
          "callStackSkipIndex": 0
        },
        "anonymizeFileLogger": {
          "fileLogger": {
            "category": "debug-file",
            "context": {},
            "callStackSkipIndex": 0
          }
        }
      }
    },
    {
      "head": {
        "id": "be57339b-45f4-44db-95f4-f4505f7a978c",
        "name": "bind plugins",
        "description": "Bind plugins.",
        "type": "duration"
      },
      "body": {
        "pid": 42588,
        "tid": "Main Thread",
        "startTime": 115764979726100
      },
      "additional": {
        "children": [],
        "state": "running",
        "targetName": "",
        "moduleName": "",
        "category": "",
        "taskRunReasons": [],
        "parent": "631d0d07-58e1-4130-83fb-334c133249ca"
      },
      "log": {
        "_logger": {
          "category": "DurationEvent",
          "context": {},
          "callStackSkipIndex": 0
        },
        "_filelogger": {
          "category": "debug-file",
          "context": {},
          "callStackSkipIndex": 0
        },
        "anonymizeFileLogger": {
          "fileLogger": {
            "category": "debug-file",
            "context": {},
            "callStackSkipIndex": 0
          }
        }
      }
    },
    {
      "head": {
        "id": "2456a87a-6058-4721-bf12-f7d07ada3711",
        "name": "hvigorfile, resolving D:\\openharmony_ws\\OpenHarmony-5.0-Release\\applications_permission_manager\\applications_permission_manager\\hvigorfile.js",
        "description": "",
        "type": "log"
      },
      "body": {
        "pid": 42588,
        "tid": "Main Thread",
        "startTime": 115764978997700
      },
      "additional": {
        "logType": "debug",
        "children": []
      }
    },
    {
      "head": {
        "id": "a59d0352-1dcd-4e6e-9b96-8340c62dcdff",
        "name": "hvigorfile, require result:  [Function: appTasks]",
        "description": "",
        "type": "log"
      },
      "body": {
        "pid": 42588,
        "tid": "Main Thread",
        "startTime": 115764979623800
      },
      "additional": {
        "logType": "debug",
        "children": []
      }
    },
    {
      "head": {
        "id": "17f9a08f-65e0-49f8-afef-893b64bdf522",
        "name": "require hvigorfile",
        "description": "",
        "type": "log"
      },
      "body": {
        "pid": 42588,
        "tid": "Main Thread",
        "startTime": 115764978992500,
        "endTime": 115764979712500
      },
      "additional": {
        "logType": "info",
        "children": [],
        "durationId": "c87731ad-fd9b-4517-af28-d167bf3f6974"
      }
    },
    {
      "head": {
        "id": "86cfabf2-fd17-4505-b0b8-672688be505e",
        "name": "hvigorfile, binding system plugins [Function: appTasks]",
        "description": "",
        "type": "log"
      },
      "body": {
        "pid": 42588,
        "tid": "Main Thread",
        "startTime": 115764980238800
      },
      "additional": {
        "logType": "debug",
        "children": []
      }
    },
    {
      "head": {
        "id": "a4764438-a62d-432d-bede-b198c11ac789",
        "name": "Schema D:\\openharmony_ws\\OpenHarmony-5.0-Release\\applications_permission_manager\\applications_permission_manager\\build-profile.json5 success.",
        "description": "",
        "type": "log"
      },
      "body": {
        "pid": 42588,
        "tid": "Main Thread",
        "startTime": 115764982776300
      },
      "additional": {
        "logType": "debug",
        "children": []
      }
    },
    {
      "head": {
        "id": "b60b5190-5195-41de-9144-38ef37c4224d",
        "name": "hvigor build process will be closed with an error.",
        "description": "",
        "type": "log"
      },
      "body": {
        "pid": 42588,
        "tid": "Main Thread",
        "startTime": 115764986027200
      },
      "additional": {
        "logType": "debug",
        "children": []
      }
    },
    {
      "head": {
        "id": "803e5141-cf5e-4e1c-8066-ef8339bdec9c",
        "name": "ERROR: stacktrace = TypeError: Cannot read properties of undefined (reading 'bind')\n    at bindSystemPlugins (C:\\Program Files\\Huawei\\DevEco Studio\\tools\\hvigor\\hvigor\\src\\base\\internal\\lifecycle\\configuration.js:1:5986)\n    at process.processTicksAndRejections (node:internal/process/task_queues:95:5)\n    at async evaluateNodeVigorFile (C:\\Program Files\\Huawei\\DevEco Studio\\tools\\hvigor\\hvigor\\src\\base\\internal\\lifecycle\\configuration.js:1:8454)\n    at async evalProject (C:\\Program Files\\Huawei\\DevEco Studio\\tools\\hvigor\\hvigor\\src\\base\\internal\\lifecycle\\configuration.js:1:3489)\n    at async configuration (C:\\Program Files\\Huawei\\DevEco Studio\\tools\\hvigor\\hvigor\\src\\base\\internal\\lifecycle\\configuration.js:1:2241)\n    at async start (C:\\Program Files\\Huawei\\DevEco Studio\\tools\\hvigor\\hvigor\\src\\base\\boot\\index.js:1:2537)\n    at async boot (C:\\Program Files\\Huawei\\DevEco Studio\\tools\\hvigor\\hvigor\\src\\base\\boot\\index.js:1:1756)\n    at async Worker.<anonymous> (C:\\Program Files\\Huawei\\DevEco Studio\\tools\\hvigor\\hvigor\\src\\base\\daemon\\cluster\\worker-process-lifecycle.js:1:3316)",
        "description": "",
        "type": "log"
      },
      "body": {
        "pid": 42588,
        "tid": "Main Thread",
        "startTime": 115764987051200
      },
      "additional": {
        "logType": "debug",
        "children": []
      }
    },
    {
      "head": {
        "id": "c175fdfd-b32e-4173-8192-e4af6fc2984f",
        "name": "\"buildFinished\" hook function",
        "description": "",
        "type": "duration"
      },
      "body": {
        "pid": 42588,
        "tid": "Main Thread",
        "startTime": 115764997455900,
        "endTime": 115764997494600
      },
      "additional": {
        "children": [],
        "state": "success",
        "targetName": "",
        "moduleName": "",
        "category": "",
        "taskRunReasons": [],
        "parent": "bcb7e4dc-2b47-4be4-81d2-80a454b7c9df",
        "logId": "1e20f70c-9a1a-402c-bdf4-61866b8502b7"
      },
      "log": {
        "_logger": {
          "category": "DurationEvent",
          "context": {},
          "callStackSkipIndex": 0
        },
        "_filelogger": {
          "category": "debug-file",
          "context": {},
          "callStackSkipIndex": 0
        },
        "anonymizeFileLogger": {
          "fileLogger": {
            "category": "debug-file",
            "context": {},
            "callStackSkipIndex": 0
          }
        }
      }
    },
    {
      "head": {
        "id": "1e20f70c-9a1a-402c-bdf4-61866b8502b7",
        "name": "\"buildFinished\" hook function",
        "description": "",
        "type": "log"
      },
      "body": {
        "pid": 42588,
        "tid": "Main Thread",
        "startTime": 115764997455900,
        "endTime": 115764997494600
      },
      "additional": {
        "logType": "info",
        "children": [],
        "durationId": "c175fdfd-b32e-4173-8192-e4af6fc2984f"
      }
    },
    {
      "head": {
        "id": "cfc96dd4-5cd5-4e9c-94f0-2f81e360a438",
        "name": "",
        "description": "",
        "type": "mark"
      },
      "body": {
        "pid": 42588,
        "tid": "Main Thread",
        "startTime": 115764941827600,
        "endTime": 115764997728600
      },
      "additional": {
        "time": {
          "year": 2025,
          "month": 4,
          "day": 8,
          "hour": 17,
          "minute": 15
        },
        "completeCommand": "{\"completeCommand\":\"--sync -p product=default --analyze=normal --parallel --incremental --daemon\",\"parallel\":true,\"prop\":[\"product=default\"],\"incremental\":true,\"sync\":true,\"_\":[],\"daemon\":true,\"analyze\":\"normal\"};--sync -p product=default --analyze=normal --parallel --incremental --daemon",
        "hvigorVersion": "5.15.1",
        "markType": "history",
        "nodeVersion": "v18.20.1",
        "category": "build",
        "state": "failed"
      }
    },
    {
      "head": {
        "id": "87d1a09a-9ff0-4b65-b751-c25f397e0bca",
        "name": "BUILD FAILED in 56 ms ",
        "description": "",
        "type": "log"
      },
      "body": {
        "pid": 42588,
        "tid": "Main Thread",
        "startTime": 115764997772000
      },
      "additional": {
        "logType": "error",
        "children": []
      }
    }
  ],
  "workLog": []
}