{
  "version": "2.0",
  "ppid": 21276,
  "events": [
    {
      "head": {
        "id": "2fb13f97-d5f1-407b-b496-8378978160b3",
        "name": "env: nodejsVersion=v18.20.1",
        "description": "",
        "type": "log"
      },
      "body": {
        "pid": 27212,
        "tid": "Main Thread",
        "startTime": 115693260601800
      },
      "additional": {
        "logType": "debug",
        "children": []
      }
    },
    {
      "head": {
        "id": "757717b9-3c16-4170-9fb0-af90bfbcb6ea",
        "name": "env: hvigor-config.json5 content = {\n  hvigorVersion: '3.0.2',\n  dependencies: { '@ohos/hvigor-ohos-plugin': '3.0.2' }\n}",
        "description": "",
        "type": "log"
      },
      "body": {
        "pid": 27212,
        "tid": "Main Thread",
        "startTime": 115693264064000
      },
      "additional": {
        "logType": "debug",
        "children": []
      }
    },
    {
      "head": {
        "id": "4baf9298-d538-4b19-ae2b-3ae902c9d006",
        "name": "env: daemon=false",
        "description": "",
        "type": "log"
      },
      "body": {
        "pid": 27212,
        "tid": "Main Thread",
        "startTime": 115693266498500
      },
      "additional": {
        "logType": "debug",
        "children": []
      }
    },
    {
      "head": {
        "id": "c0ea3cf3-099e-498c-99c1-8d749aaadc7a",
        "name": "no-daemon, use the parent process.execArgv --max-old-space-size=8192,--expose-gc",
        "description": "",
        "type": "log"
      },
      "body": {
        "pid": 27212,
        "tid": "Main Thread",
        "startTime": 115693266592900
      },
      "additional": {
        "logType": "debug",
        "children": []
      }
    },
    {
      "head": {
        "id": "82eb7baf-8403-4560-b7d9-a7784337a911",
        "name": "init",
        "description": "Initialize and build task graph.",
        "type": "duration"
      },
      "body": {
        "pid": 27212,
        "tid": "Main Thread",
        "startTime": 115694144369900
      },
      "additional": {
        "children": [
          "d71c366f-eed5-4679-b94c-37fb3461eaa9",
          "87c84fd1-020e-4380-8500-1029b886a98d",
          "326e9244-91ec-465c-b3b0-5dbb4178d5a0",
          "9eda3b47-6456-4467-af1a-a812be3b9b31",
          "d4fd4c7f-c468-4d6e-9924-fd02848649f8",
          "25d65152-8e2d-4c0a-a9bb-6ac280eb00b6"
        ],
        "state": "running",
        "targetName": "",
        "moduleName": "",
        "category": "Init",
        "taskRunReasons": []
      },
      "log": {
        "_logger": {
          "category": "DurationEvent",
          "context": {},
          "callStackSkipIndex": 0
        },
        "_filelogger": {
          "category": "debug-file",
          "context": {},
          "callStackSkipIndex": 0
        },
        "anonymizeFileLogger": {
          "fileLogger": {
            "category": "debug-file",
            "context": {},
            "callStackSkipIndex": 0
          }
        }
      }
    },
    {
      "head": {
        "id": "d71c366f-eed5-4679-b94c-37fb3461eaa9",
        "name": "create hvigor project model",
        "description": "Initialize hvigor project model.",
        "type": "duration"
      },
      "body": {
        "pid": 27212,
        "tid": "Main Thread",
        "startTime": 115694144376100,
        "endTime": 115694169318900
      },
      "additional": {
        "children": [],
        "state": "success",
        "targetName": "",
        "moduleName": "",
        "category": "",
        "taskRunReasons": [],
        "parent": "82eb7baf-8403-4560-b7d9-a7784337a911",
        "logId": "15f00bfb-8062-4f8f-b985-8f553f2993d1"
      },
      "log": {
        "_logger": {
          "category": "DurationEvent",
          "context": {},
          "callStackSkipIndex": 0
        },
        "_filelogger": {
          "category": "debug-file",
          "context": {},
          "callStackSkipIndex": 0
        },
        "anonymizeFileLogger": {
          "fileLogger": {
            "category": "debug-file",
            "context": {},
            "callStackSkipIndex": 0
          }
        }
      }
    },
    {
      "head": {
        "id": "87c84fd1-020e-4380-8500-1029b886a98d",
        "name": "configure hvigor plugin",
        "description": "Configure hvigor plugin.",
        "type": "duration"
      },
      "body": {
        "pid": 27212,
        "tid": "Main Thread",
        "startTime": 115694169343800
      },
      "additional": {
        "children": [
          "d71a7203-94c5-4eec-8bb7-e3e4ceb558c4",
          "4f6942c0-21b7-4c29-943c-2c8d8d632031",
          "501a5263-a4a0-4bc3-b148-b20560a241d4",
          "e05f770b-e660-4467-8914-f7eadf5261cd",
          "aa521307-5a46-465c-992b-1dc2b00f79b5",
          "526b793a-5dcd-4186-b0d3-f047c059e626",
          "d20b1a09-18bd-4211-99d3-d436596865eb",
          "8bed9cf2-1142-4f98-a9ba-0e26aecafa63"
        ],
        "state": "running",
        "targetName": "",
        "moduleName": "",
        "category": "",
        "taskRunReasons": [],
        "parent": "82eb7baf-8403-4560-b7d9-a7784337a911"
      },
      "log": {
        "_logger": {
          "category": "DurationEvent",
          "context": {},
          "callStackSkipIndex": 0
        },
        "_filelogger": {
          "category": "debug-file",
          "context": {},
          "callStackSkipIndex": 0
        },
        "anonymizeFileLogger": {
          "fileLogger": {
            "category": "debug-file",
            "context": {},
            "callStackSkipIndex": 0
          }
        }
      }
    },
    {
      "head": {
        "id": "d4fd4c7f-c468-4d6e-9924-fd02848649f8",
        "name": "\"configEvaluated\" hook function",
        "description": "",
        "type": "duration"
      },
      "body": {
        "pid": 27212,
        "tid": "Main Thread",
        "startTime": 115694150721600,
        "endTime": 115694150958400
      },
      "additional": {
        "children": [],
        "state": "success",
        "targetName": "",
        "moduleName": "",
        "category": "",
        "taskRunReasons": [],
        "parent": "82eb7baf-8403-4560-b7d9-a7784337a911",
        "logId": "621cc65b-c590-481c-ab4e-89f18953c38d"
      },
      "log": {
        "_logger": {
          "category": "DurationEvent",
          "context": {},
          "callStackSkipIndex": 0
        },
        "_filelogger": {
          "category": "debug-file",
          "context": {},
          "callStackSkipIndex": 0
        },
        "anonymizeFileLogger": {
          "fileLogger": {
            "category": "debug-file",
            "context": {},
            "callStackSkipIndex": 0
          }
        }
      }
    },
    {
      "head": {
        "id": "621cc65b-c590-481c-ab4e-89f18953c38d",
        "name": "\"configEvaluated\" hook function",
        "description": "",
        "type": "log"
      },
      "body": {
        "pid": 27212,
        "tid": "Main Thread",
        "startTime": 115694150721600,
        "endTime": 115694150958400
      },
      "additional": {
        "logType": "info",
        "children": [],
        "durationId": "d4fd4c7f-c468-4d6e-9924-fd02848649f8"
      }
    },
    {
      "head": {
        "id": "25d65152-8e2d-4c0a-a9bb-6ac280eb00b6",
        "name": "\"nodesInitialized\" hook function",
        "description": "",
        "type": "duration"
      },
      "body": {
        "pid": 27212,
        "tid": "Main Thread",
        "startTime": 115694166640400,
        "endTime": 115694166711000
      },
      "additional": {
        "children": [],
        "state": "success",
        "targetName": "",
        "moduleName": "",
        "category": "",
        "taskRunReasons": [],
        "parent": "82eb7baf-8403-4560-b7d9-a7784337a911",
        "logId": "72016301-7836-48e1-b6b7-c7f5fffdb305"
      },
      "log": {
        "_logger": {
          "category": "DurationEvent",
          "context": {},
          "callStackSkipIndex": 0
        },
        "_filelogger": {
          "category": "debug-file",
          "context": {},
          "callStackSkipIndex": 0
        },
        "anonymizeFileLogger": {
          "fileLogger": {
            "category": "debug-file",
            "context": {},
            "callStackSkipIndex": 0
          }
        }
      }
    },
    {
      "head": {
        "id": "72016301-7836-48e1-b6b7-c7f5fffdb305",
        "name": "\"nodesInitialized\" hook function",
        "description": "",
        "type": "log"
      },
      "body": {
        "pid": 27212,
        "tid": "Main Thread",
        "startTime": 115694166640400,
        "endTime": 115694166711000
      },
      "additional": {
        "logType": "info",
        "children": [],
        "durationId": "25d65152-8e2d-4c0a-a9bb-6ac280eb00b6"
      }
    },
    {
      "head": {
        "id": "5587096d-d7c4-49c6-b316-de144a560922",
        "name": "Hvigor init with startParameters:{\n  hvigorfileTypeCheck: false,\n  parallelExecution: true,\n  incrementalExecution: true,\n  printStackTrace: false,\n  daemon: false,\n  analyze: 0,\n  logLevel: Level { level: 20000, levelStr: 'INFO', colour: 'green' }\n}",
        "description": "",
        "type": "log"
      },
      "body": {
        "pid": 27212,
        "tid": "Main Thread",
        "startTime": 115694166903600
      },
      "additional": {
        "logType": "debug",
        "children": []
      }
    },
    {
      "head": {
        "id": "ea05ec75-e7bd-49d7-9f72-3f3243552091",
        "name": "Since current hvigor version 5.15.1 differs from last hvigor version \n      undefined, delete file-cache.json and task-cache.json.",
        "description": "",
        "type": "log"
      },
      "body": {
        "pid": 27212,
        "tid": "Main Thread",
        "startTime": 115694168630400
      },
      "additional": {
        "logType": "debug",
        "children": []
      }
    },
    {
      "head": {
        "id": "d24cd4b7-9485-4290-bbea-65c84707ada7",
        "name": "Cache service initialization finished in 2 ms ",
        "description": "",
        "type": "log"
      },
      "body": {
        "pid": 27212,
        "tid": "Main Thread",
        "startTime": 115694169123900
      },
      "additional": {
        "logType": "debug",
        "children": []
      }
    },
    {
      "head": {
        "id": "15f00bfb-8062-4f8f-b985-8f553f2993d1",
        "name": "create hvigor project model",
        "description": "",
        "type": "log"
      },
      "body": {
        "pid": 27212,
        "tid": "Main Thread",
        "startTime": 115694144376100,
        "endTime": 115694169318900
      },
      "additional": {
        "logType": "info",
        "children": [],
        "durationId": "d71c366f-eed5-4679-b94c-37fb3461eaa9"
      }
    },
    {
      "head": {
        "id": "d71a7203-94c5-4eec-8bb7-e3e4ceb558c4",
        "name": "init configuration",
        "description": "Initialize configuration.",
        "type": "duration"
      },
      "body": {
        "pid": 27212,
        "tid": "Main Thread",
        "startTime": 115694180461400,
        "endTime": 115694180502800
      },
      "additional": {
        "children": [],
        "state": "success",
        "targetName": "",
        "moduleName": "",
        "category": "",
        "taskRunReasons": [],
        "parent": "87c84fd1-020e-4380-8500-1029b886a98d",
        "logId": "da87f81c-4707-4399-bfe6-0c491e642881"
      },
      "log": {
        "_logger": {
          "category": "DurationEvent",
          "context": {},
          "callStackSkipIndex": 0
        },
        "_filelogger": {
          "category": "debug-file",
          "context": {},
          "callStackSkipIndex": 0
        },
        "anonymizeFileLogger": {
          "fileLogger": {
            "category": "debug-file",
            "context": {},
            "callStackSkipIndex": 0
          }
        }
      }
    },
    {
      "head": {
        "id": "4f6942c0-21b7-4c29-943c-2c8d8d632031",
        "name": "configure project task",
        "description": "Configure project task.",
        "type": "duration"
      },
      "body": {
        "pid": 27212,
        "tid": "Main Thread",
        "startTime": 115694180540900,
        "endTime": 115694189107300
      },
      "additional": {
        "children": [],
        "state": "success",
        "targetName": "",
        "moduleName": "",
        "category": "",
        "taskRunReasons": [],
        "parent": "87c84fd1-020e-4380-8500-1029b886a98d",
        "logId": "564ab9cd-89a0-4ff0-af73-0c0380ce7a9c"
      },
      "log": {
        "_logger": {
          "category": "DurationEvent",
          "context": {},
          "callStackSkipIndex": 0
        },
        "_filelogger": {
          "category": "debug-file",
          "context": {},
          "callStackSkipIndex": 0
        },
        "anonymizeFileLogger": {
          "fileLogger": {
            "category": "debug-file",
            "context": {},
            "callStackSkipIndex": 0
          }
        }
      }
    },
    {
      "head": {
        "id": "501a5263-a4a0-4bc3-b148-b20560a241d4",
        "name": "eval project",
        "description": "Evaluate project.",
        "type": "duration"
      },
      "body": {
        "pid": 27212,
        "tid": "Main Thread",
        "startTime": 115694189219400
      },
      "additional": {
        "children": [
          "d610e4ed-a644-4127-8baa-4a8bcf8bcf03",
          "43fe425c-13c9-4b71-821e-bfcc4d9a9537"
        ],
        "state": "running",
        "targetName": "",
        "moduleName": "",
        "category": "",
        "taskRunReasons": [],
        "parent": "87c84fd1-020e-4380-8500-1029b886a98d"
      },
      "log": {
        "_logger": {
          "category": "DurationEvent",
          "context": {},
          "callStackSkipIndex": 0
        },
        "_filelogger": {
          "category": "debug-file",
          "context": {},
          "callStackSkipIndex": 0
        },
        "anonymizeFileLogger": {
          "fileLogger": {
            "category": "debug-file",
            "context": {},
            "callStackSkipIndex": 0
          }
        }
      }
    },
    {
      "head": {
        "id": "da87f81c-4707-4399-bfe6-0c491e642881",
        "name": "init configuration",
        "description": "",
        "type": "log"
      },
      "body": {
        "pid": 27212,
        "tid": "Main Thread",
        "startTime": 115694180461400,
        "endTime": 115694180502800
      },
      "additional": {
        "logType": "info",
        "children": [],
        "durationId": "d71a7203-94c5-4eec-8bb7-e3e4ceb558c4"
      }
    },
    {
      "head": {
        "id": "564ab9cd-89a0-4ff0-af73-0c0380ce7a9c",
        "name": "configure project task",
        "description": "",
        "type": "log"
      },
      "body": {
        "pid": 27212,
        "tid": "Main Thread",
        "startTime": 115694180540900,
        "endTime": 115694189107300
      },
      "additional": {
        "logType": "info",
        "children": [],
        "durationId": "4f6942c0-21b7-4c29-943c-2c8d8d632031"
      }
    },
    {
      "head": {
        "id": "d610e4ed-a644-4127-8baa-4a8bcf8bcf03",
        "name": "\"beforeNodeEvaluate\" hook function",
        "description": "",
        "type": "duration"
      },
      "body": {
        "pid": 27212,
        "tid": "Main Thread",
        "startTime": 115694190571700,
        "endTime": 115694190646700
      },
      "additional": {
        "children": [],
        "state": "success",
        "targetName": "",
        "moduleName": "",
        "category": "",
        "taskRunReasons": [],
        "parent": "501a5263-a4a0-4bc3-b148-b20560a241d4",
        "logId": "264c09ec-496b-4399-a23f-62d43d131279"
      },
      "log": {
        "_logger": {
          "category": "DurationEvent",
          "context": {},
          "callStackSkipIndex": 0
        },
        "_filelogger": {
          "category": "debug-file",
          "context": {},
          "callStackSkipIndex": 0
        },
        "anonymizeFileLogger": {
          "fileLogger": {
            "category": "debug-file",
            "context": {},
            "callStackSkipIndex": 0
          }
        }
      }
    },
    {
      "head": {
        "id": "264c09ec-496b-4399-a23f-62d43d131279",
        "name": "\"beforeNodeEvaluate\" hook function",
        "description": "",
        "type": "log"
      },
      "body": {
        "pid": 27212,
        "tid": "Main Thread",
        "startTime": 115694190571700,
        "endTime": 115694190646700
      },
      "additional": {
        "logType": "info",
        "children": [],
        "durationId": "d610e4ed-a644-4127-8baa-4a8bcf8bcf03"
      }
    },
    {
      "head": {
        "id": "43fe425c-13c9-4b71-821e-bfcc4d9a9537",
        "name": "eval hvigorfile",
        "description": "Evaluate hvigorfile.",
        "type": "duration"
      },
      "body": {
        "pid": 27212,
        "tid": "Main Thread",
        "startTime": 115694195171700
      },
      "additional": {
        "children": [
          "956ecc59-214d-409f-916d-444e93de2b20",
          "57c09bca-7d9b-4ff4-acb9-ff01a70434b7"
        ],
        "state": "running",
        "targetName": "",
        "moduleName": "",
        "category": "",
        "taskRunReasons": [],
        "parent": "501a5263-a4a0-4bc3-b148-b20560a241d4"
      },
      "log": {
        "_logger": {
          "category": "DurationEvent",
          "context": {},
          "callStackSkipIndex": 0
        },
        "_filelogger": {
          "category": "debug-file",
          "context": {},
          "callStackSkipIndex": 0
        },
        "anonymizeFileLogger": {
          "fileLogger": {
            "category": "debug-file",
            "context": {},
            "callStackSkipIndex": 0
          }
        }
      }
    },
    {
      "head": {
        "id": "956ecc59-214d-409f-916d-444e93de2b20",
        "name": "require hvigorfile",
        "description": "Require hvigorfile.",
        "type": "duration"
      },
      "body": {
        "pid": 27212,
        "tid": "Main Thread",
        "startTime": 115694195173000,
        "endTime": 115698702715100
      },
      "additional": {
        "children": [],
        "state": "success",
        "targetName": "",
        "moduleName": "",
        "category": "",
        "taskRunReasons": [],
        "parent": "43fe425c-13c9-4b71-821e-bfcc4d9a9537",
        "logId": "3befc808-78f8-4d02-9518-cf8091912306"
      },
      "log": {
        "_logger": {
          "category": "DurationEvent",
          "context": {},
          "callStackSkipIndex": 0
        },
        "_filelogger": {
          "category": "debug-file",
          "context": {},
          "callStackSkipIndex": 0
        },
        "anonymizeFileLogger": {
          "fileLogger": {
            "category": "debug-file",
            "context": {},
            "callStackSkipIndex": 0
          }
        }
      }
    },
    {
      "head": {
        "id": "57c09bca-7d9b-4ff4-acb9-ff01a70434b7",
        "name": "bind plugins",
        "description": "Bind plugins.",
        "type": "duration"
      },
      "body": {
        "pid": 27212,
        "tid": "Main Thread",
        "startTime": 115698702744100
      },
      "additional": {
        "children": [],
        "state": "running",
        "targetName": "",
        "moduleName": "",
        "category": "",
        "taskRunReasons": [],
        "parent": "43fe425c-13c9-4b71-821e-bfcc4d9a9537"
      },
      "log": {
        "_logger": {
          "category": "DurationEvent",
          "context": {},
          "callStackSkipIndex": 0
        },
        "_filelogger": {
          "category": "debug-file",
          "context": {},
          "callStackSkipIndex": 0
        },
        "anonymizeFileLogger": {
          "fileLogger": {
            "category": "debug-file",
            "context": {},
            "callStackSkipIndex": 0
          }
        }
      }
    },
    {
      "head": {
        "id": "3fbb94be-6600-48ed-bebf-9d59a6831a0c",
        "name": "hvigorfile, resolving D:\\openharmony_ws\\OpenHarmony-5.0-Release\\applications_permission_manager\\applications_permission_manager\\hvigorfile.js",
        "description": "",
        "type": "log"
      },
      "body": {
        "pid": 27212,
        "tid": "Main Thread",
        "startTime": 115694195179800
      },
      "additional": {
        "logType": "debug",
        "children": []
      }
    },
    {
      "head": {
        "id": "e58aabd5-8a31-481d-80be-83e745ef98b9",
        "name": "hvigorfile, require result:  [Function: appTasks]",
        "description": "",
        "type": "log"
      },
      "body": {
        "pid": 27212,
        "tid": "Main Thread",
        "startTime": 115698702010700
      },
      "additional": {
        "logType": "debug",
        "children": []
      }
    },
    {
      "head": {
        "id": "3befc808-78f8-4d02-9518-cf8091912306",
        "name": "require hvigorfile",
        "description": "",
        "type": "log"
      },
      "body": {
        "pid": 27212,
        "tid": "Main Thread",
        "startTime": 115694195173000,
        "endTime": 115698702715100
      },
      "additional": {
        "logType": "info",
        "children": [],
        "durationId": "956ecc59-214d-409f-916d-444e93de2b20"
      }
    },
    {
      "head": {
        "id": "b35a5e00-69d3-4e28-8018-cad219b89b7c",
        "name": "hvigorfile, binding system plugins [Function: appTasks]",
        "description": "",
        "type": "log"
      },
      "body": {
        "pid": 27212,
        "tid": "Main Thread",
        "startTime": 115698702870900
      },
      "additional": {
        "logType": "debug",
        "children": []
      }
    },
    {
      "head": {
        "id": "03610b98-9671-433f-a659-9848734c8cb0",
        "name": "Schema D:\\openharmony_ws\\OpenHarmony-5.0-Release\\applications_permission_manager\\applications_permission_manager\\build-profile.json5 success.",
        "description": "",
        "type": "log"
      },
      "body": {
        "pid": 27212,
        "tid": "Main Thread",
        "startTime": 115698833342000
      },
      "additional": {
        "logType": "debug",
        "children": []
      }
    },
    {
      "head": {
        "id": "05de1dee-27d0-4b24-b116-b9cf9ba72de7",
        "name": "hvigor build process will be closed with an error.",
        "description": "",
        "type": "log"
      },
      "body": {
        "pid": 27212,
        "tid": "Main Thread",
        "startTime": 115698839346700
      },
      "additional": {
        "logType": "debug",
        "children": []
      }
    },
    {
      "head": {
        "id": "4ffc91a8-bad5-4b23-9d9f-2c6a29817a18",
        "name": "ERROR: stacktrace = TypeError: Cannot read properties of undefined (reading 'bind')\n    at bindSystemPlugins (C:\\Program Files\\Huawei\\DevEco Studio\\tools\\hvigor\\hvigor\\src\\base\\internal\\lifecycle\\configuration.js:1:5986)\n    at process.processTicksAndRejections (node:internal/process/task_queues:95:5)\n    at async evaluateNodeVigorFile (C:\\Program Files\\Huawei\\DevEco Studio\\tools\\hvigor\\hvigor\\src\\base\\internal\\lifecycle\\configuration.js:1:8454)\n    at async evalProject (C:\\Program Files\\Huawei\\DevEco Studio\\tools\\hvigor\\hvigor\\src\\base\\internal\\lifecycle\\configuration.js:1:3489)\n    at async configuration (C:\\Program Files\\Huawei\\DevEco Studio\\tools\\hvigor\\hvigor\\src\\base\\internal\\lifecycle\\configuration.js:1:2241)\n    at async start (C:\\Program Files\\Huawei\\DevEco Studio\\tools\\hvigor\\hvigor\\src\\base\\boot\\index.js:1:2537)\n    at async boot (C:\\Program Files\\Huawei\\DevEco Studio\\tools\\hvigor\\hvigor\\src\\base\\boot\\index.js:1:1756)\n    at async startHvigorBuild (C:\\Program Files\\Huawei\\DevEco Studio\\tools\\hvigor\\hvigor\\src\\cli\\main\\cli.js:1:7151)",
        "description": "",
        "type": "log"
      },
      "body": {
        "pid": 27212,
        "tid": "Main Thread",
        "startTime": 115699067455600
      },
      "additional": {
        "logType": "debug",
        "children": []
      }
    },
    {
      "head": {
        "id": "c2b2e8fd-307c-42ab-986f-e29dc1841b24",
        "name": "\"buildFinished\" hook function",
        "description": "",
        "type": "duration"
      },
      "body": {
        "pid": 27212,
        "tid": "Main Thread",
        "startTime": 115699079754400,
        "endTime": 115699081303700
      },
      "additional": {
        "children": [],
        "state": "success",
        "targetName": "",
        "moduleName": "",
        "category": "",
        "taskRunReasons": [],
        "parent": "5b78efa3-ae37-45ed-bce4-6710c8ebc48f",
        "logId": "7e8e48d9-3580-4b90-a1c3-017555f41af4"
      },
      "log": {
        "_logger": {
          "category": "DurationEvent",
          "context": {},
          "callStackSkipIndex": 0
        },
        "_filelogger": {
          "category": "debug-file",
          "context": {},
          "callStackSkipIndex": 0
        },
        "anonymizeFileLogger": {
          "fileLogger": {
            "category": "debug-file",
            "context": {},
            "callStackSkipIndex": 0
          }
        }
      }
    },
    {
      "head": {
        "id": "5866cb51-a144-448c-9180-6fe7a3b3416b",
        "name": "hvigor start cli arguments:{\n  prop: [ 'product=default' ],\n  sync: true,\n  parallel: true,\n  incremental: true,\n  daemon: false,\n  _: [],\n  env: {\n    ALLUSERSPROFILE: 'C:\\\\ProgramData',\n    ANDROID_HOME: 'D:\\\\android_sdk',\n    APPCODE_VM_OPTIONS: 'D:\\\\tools\\\\idea\\\\win\\\\jetbra\\\\vmoptions\\\\appcode.vmoptions',\n    APPDATA: 'C:\\\\Users\\\\Administrator\\\\AppData\\\\Roaming',\n    CLION_VM_OPTIONS: 'D:\\\\tools\\\\idea\\\\win\\\\jetbra\\\\vmoptions\\\\clion.vmoptions',\n    CommonProgramFiles: 'C:\\\\Program Files\\\\Common Files',\n    'CommonProgramFiles(x86)': 'C:\\\\Program Files (x86)\\\\Common Files',\n    CommonProgramW6432: 'C:\\\\Program Files\\\\Common Files',\n    COMPUTERNAME: 'M70P2SM8',\n    ComSpec: 'C:\\\\Windows\\\\system32\\\\cmd.exe',\n    config: '{\"product\":\"default\"}',\n    CREATED_BY: 'deveco',\n    DATAGRIP_VM_OPTIONS: 'D:\\\\tools\\\\idea\\\\win\\\\jetbra\\\\vmoptions\\\\datagrip.vmoptions',\n    DATASPELL_VM_OPTIONS: 'D:\\\\tools\\\\idea\\\\win\\\\jetbra\\\\vmoptions\\\\dataspell.vmoptions',\n    'DevEco Studio': 'D:\\\\install\\\\openharmony_deveco\\\\DevEco Studio\\\\bin;',\n    DEVECOSTUDIO_VM_OPTIONS: 'D:\\\\tools\\\\idea\\\\win\\\\jetbra\\\\vmoptions\\\\devecostudio.vmoptions',\n    DEVECO_PATH: 'D:\\\\install\\\\deveco-studio-5.0.7.210\\\\DevEco Studio',\n    DEVECO_SDK_HOME: 'C:/Program Files/Huawei/DevEco Studio/sdk',\n    DriverData: 'C:\\\\Windows\\\\System32\\\\Drivers\\\\DriverData',\n    EPS_INSTALL_ROOT: 'c:\\\\program files\\\\sf\\\\edr\\\\agent\\\\',\n    FLUTER_HOME: 'D:\\\\openharmony\\\\flutter_sdk\\\\flutter_flutter',\n    FLUTTER_STORAGE_BASE_URL: 'https://storage.flutter-io.cn',\n    FPS_BROWSER_APP_PROFILE_STRING: 'Internet Explorer',\n    FPS_BROWSER_USER_PROFILE_STRING: 'Default',\n    GATEWAY_VM_OPTIONS: 'D:\\\\tools\\\\idea\\\\win\\\\jetbra\\\\vmoptions\\\\gateway.vmoptions',\n    GIT_LFS_PATH: 'C:\\\\Program Files\\\\Git LFS',\n    GOLAND_VM_OPTIONS: 'D:\\\\tools\\\\idea\\\\win\\\\jetbra\\\\vmoptions\\\\goland.vmoptions',\n    HDC_SERVER_PORT: '65037',\n    HOMEDRIVE: 'C:',\n    HOMEPATH: '\\\\Users\\\\Administrator',\n    HOS_SDK_HOME: 'D:\\\\install\\\\devecostudio5.0\\\\DevEco\\\\DevEco Studio',\n    IDEA_INITIAL_DIRECTORY: 'C:\\\\Program Files\\\\Huawei\\\\DevEco Studio\\\\bin',\n    IDEA_VM_OPTIONS: 'D:\\\\tools\\\\idea\\\\win\\\\jetbra\\\\vmoptions\\\\idea.vmoptions',\n    JAVA_HOME: 'C:\\\\Program Files\\\\Huawei\\\\DevEco Studio\\\\jbr',\n    JAVA_HOME_17: 'D:\\\\install\\\\jdk17',\n    JETBRAINSCLIENT_VM_OPTIONS: 'D:\\\\tools\\\\idea\\\\win\\\\jetbra\\\\vmoptions\\\\jetbrainsclient.vmoptions',\n    JETBRAINS_CLIENT_VM_OPTIONS: 'D:\\\\tools\\\\idea\\\\win\\\\jetbra\\\\vmoptions\\\\jetbrains_client.vmoptions',\n    LOCALAPPDATA: 'C:\\\\Users\\\\Administrator\\\\AppData\\\\Local',\n    LOGONSERVER: '\\\\\\\\M70P2SM8',\n    NODE_HOME: 'C:\\\\Program Files\\\\Huawei\\\\DevEco Studio\\\\tools\\\\node',\n    NODE_PATH: 'C:\\\\Users\\\\Administrator\\\\.hvigor\\\\project_caches\\\\6db23d942555e8040ab21010308d86e3\\\\workspace\\\\node_modules',\n    NO_UPDATE_NOTIFIER: 'true',\n    'npm_config_auto-install-peers': 'false',\n    'npm_config_strict-ssl': '',\n    'npm_config_update-notifier': 'false',\n    NUMBER_OF_PROCESSORS: '16',\n    ohpmBin: 'C:\\\\Program Files\\\\Huawei\\\\DevEco Studio\\\\tools\\\\ohpm\\\\bin\\\\ohpm.bat',\n    OneDrive: 'C:\\\\Users\\\\Administrator\\\\OneDrive',\n    OS: 'Windows_NT',\n    Path: 'C:\\\\Program Files\\\\Huawei\\\\DevEco Studio\\\\jbr\\\\bin;C:/Program Files/Huawei/DevEco Studio/tools/node;C:\\\\Program Files\\\\Common Files\\\\Oracle\\\\Java\\\\javapath;C:\\\\Windows\\\\system32;C:\\\\Windows;C:\\\\Windows\\\\System32\\\\Wbem;C:\\\\Windows\\\\System32\\\\WindowsPowerShell\\\\v1.0\\\\;C:\\\\Windows\\\\System32\\\\OpenSSH\\\\;C:\\\\Program Files\\\\TortoiseSVN\\\\bin;C:\\\\Program Files\\\\Java\\\\jdk-11\\\\bin;C:\\\\Program Files\\\\Git\\\\cmd;D:\\\\openharmony\\\\openharmonysdk\\\\11\\\\toolchains;D:\\\\openharmony\\\\Openharmony-sdk\\\\10\\\\toolchains;D:\\\\openai\\\\python_install;D:\\\\android_sdk\\\\tools;D:\\\\android_sdk\\\\platform-tools;D:\\\\android_sdk\\\\build-tools;D:\\\\install\\\\cygwin\\\\bin;C:\\\\Program Files\\\\Microsoft SQL Server\\\\150\\\\Tools\\\\Binn\\\\;D:\\\\openharmony\\\\openharmony-sdk\\\\12\\\\toolchains;D:\\\\install\\\\jdk17\\\\bin;D:\\\\install\\\\deveco-studio-5.0.7.210\\\\DevEco Studio\\\\tools\\\\ohpm\\\\bin;D:\\\\install\\\\deveco-studio-5.0.7.210\\\\DevEco Studio\\\\tools\\\\hvigor\\\\bin;D:\\\\install\\\\deveco-studio-5.0.7.210\\\\DevEco Studio\\\\tools\\\\node\\\\bin;D:\\\\openharmony\\\\flutter_sdk\\\\flutter_flutter\\\\bin;D:\\\\install\\\\deveco-studio-5.0.7.210\\\\DevEco Studio\\\\sdk\\\\tools\\\\ohpm\\\\bin;D:\\\\install\\\\deveco-studio-5.0.7.210\\\\DevEco Studio\\\\sdk\\\\tools\\\\hvigor\\\\bin;D:\\\\install\\\\deveco-studio-5.0.7.210\\\\DevEco Studio\\\\sdk\\\\tools\\\\node\\\\bin;D:\\\\install\\\\deveco-studio-5.0.7.210\\\\DevEco Studio\\\\bin;D:\\\\install\\\\devecostudio5.0\\\\DevEco\\\\DevEco Studio\\\\bin;C:\\\\Program Files\\\\dotnet\\\\;C:\\\\Program Files (x86)\\\\Windows Kits\\\\10\\\\Windows Performance Toolkit\\\\;D:\\\\c++\\\\mingw64\\\\mingw64\\\\bin;C:\\\\Program Files\\\\Git LFS;C:\\\\Users\\\\Administrator\\\\AppData\\\\Local\\\\Microsoft\\\\WindowsApps;C:\\\\Users\\\\Administrator\\\\.dotnet\\\\tools;D:\\\\install\\\\openharmony_deveco\\\\DevEco Studio\\\\bin;;C:\\\\Program Files\\\\Huawei\\\\DevEco Studio\\\\tools\\\\node;C:\\\\Program Files\\\\Huawei\\\\DevEco Studio\\\\jbr\\\\bin;C:\\\\Program Files\\\\Common Files\\\\Oracle\\\\Java\\\\javapath;C:\\\\Windows\\\\system32;C:\\\\Windows;C:\\\\Windows\\\\System32\\\\Wbem;C:\\\\Windows\\\\System32\\\\WindowsPowerShell\\\\v1.0\\\\;C:\\\\Windows\\\\System32\\\\OpenSSH\\\\;C:\\\\Program Files\\\\TortoiseSVN\\\\bin;C:\\\\Program Files\\\\Java\\\\jdk-11\\\\bin;C:\\\\Program Files\\\\Git\\\\cmd;D:\\\\openharmony\\\\openharmonysdk\\\\11\\\\toolchains;D:\\\\openharmony\\\\Openharmony-sdk\\\\10\\\\toolchains;D:\\\\openai\\\\python_install;D:\\\\android_sdk\\\\tools;D:\\\\android_sdk\\\\platform-tools;D:\\\\android_sdk\\\\build-tools;D:\\\\install\\\\cygwin\\\\bin;C:\\\\Program Files\\\\Microsoft SQL Server\\\\150\\\\Tools\\\\Binn\\\\;D:\\\\openharmony\\\\openharmony-sdk\\\\12\\\\toolchains;D:\\\\install\\\\jdk17\\\\bin;D:\\\\install\\\\deveco-studio-5.0.7.210\\\\DevEco Studio\\\\tools\\\\ohpm\\\\bin;D:\\\\install\\\\deveco-studio-5.0.7.210\\\\DevEco Studio\\\\tools\\\\hvigor\\\\bin;D:\\\\install\\\\deveco-studio-5.0.7.210\\\\DevEco Studio\\\\tools\\\\node\\\\bin;D:\\\\openharmony\\\\flutter_sdk\\\\flutter_flutter\\\\bin;D:\\\\install\\\\deveco-studio-5.0.7.210\\\\DevEco Studio\\\\sdk\\\\tools\\\\ohpm\\\\bin;D:\\\\install\\\\deveco-studio-5.0.7.210\\\\DevEco Studio\\\\sdk\\\\tools\\\\hvigor\\\\bin;D:\\\\install\\\\deveco-studio-5.0.7.210\\\\DevEco Studio\\\\sdk\\\\tools\\\\node\\\\bin;D:\\\\install\\\\deveco-studio-5.0.7.210\\\\DevEco Studio\\\\bin;D:\\\\install\\\\devecostudio5.0\\\\DevEco\\\\DevEco Studio\\\\bin;C:\\\\Program Files\\\\dotnet\\\\;C:\\\\Program Files (x86)\\\\Windows Kits\\\\10\\\\Windows Performance Toolkit\\\\;D:\\\\c++\\\\mingw64\\\\mingw64\\\\bin;C:\\\\Program Files\\\\Git LFS;C:\\\\Users\\\\Administrator\\\\AppData\\\\Local\\\\Microsoft\\\\WindowsApps;C:\\\\Users\\\\Administrator\\\\.dotnet\\\\tools;D:\\\\install\\\\openharmony_deveco\\\\DevEco Studio\\\\bin;',\n    PATHEXT: '.COM;.EXE;.BAT;.CMD;.VBS;.VBE;.JS;.JSE;.WSF;.WSH;.MSC',\n    PHPSTORM_VM_OPTIONS: 'D:\\\\tools\\\\idea\\\\win\\\\jetbra\\\\vmoptions\\\\phpstorm.vmoptions',\n    PROCESSOR_ARCHITECTURE: 'AMD64',\n    PROCESSOR_IDENTIFIER: 'Intel64 Family 6 Model 165 Stepping 5, GenuineIntel',\n    PROCESSOR_LEVEL: '6',\n    PROCESSOR_REVISION: 'a505',\n    ProgramData: 'C:\\\\ProgramData',\n    ProgramFiles: 'C:\\\\Program Files',\n    'ProgramFiles(x86)': 'C:\\\\Program Files (x86)',\n    ProgramW6432: 'C:\\\\Program Files',\n    PSModulePath: 'C:\\\\Program Files\\\\WindowsPowerShell\\\\Modules;C:\\\\Windows\\\\system32\\\\WindowsPowerShell\\\\v1.0\\\\Modules',\n    PUBLIC: 'C:\\\\Users\\\\Public',\n    PUB_HOSTED_URL: 'https://pub.flutter-io.cn',\n    PYCHARM_VM_OPTIONS: 'D:\\\\tools\\\\idea\\\\win\\\\jetbra\\\\vmoptions\\\\pycharm.vmoptions',\n    QtMsBuild: 'C:\\\\Users\\\\Administrator\\\\AppData\\\\Local\\\\QtMsBuild',\n    RIDER_VM_OPTIONS: 'D:\\\\tools\\\\idea\\\\win\\\\jetbra\\\\vmoptions\\\\rider.vmoptions',\n    RUBYMINE_VM_OPTIONS: 'D:\\\\tools\\\\idea\\\\win\\\\jetbra\\\\vmoptions\\\\rubymine.vmoptions',\n    SESSIONNAME: 'Console',\n    STUDIO_VM_OPTIONS: 'D:\\\\tools\\\\idea\\\\win\\\\jetbra\\\\vmoptions\\\\studio.vmoptions',\n    SystemDrive: 'C:',\n    SystemRoot: 'C:\\\\Windows',\n    TEMP: 'C:\\\\Users\\\\ADMINI~1\\\\AppData\\\\Local\\\\Temp',\n    TESSDATA_PREFIX: 'C:\\\\Program Files (x86)\\\\Agile DGS\\\\bin\\\\tesseract\\\\tessdata',\n    TMP: 'C:\\\\Users\\\\ADMINI~1\\\\AppData\\\\Local\\\\Temp',\n    'user.country': 'CN',\n    USERDOMAIN: 'M70P2SM8',\n    USERDOMAIN_ROAMINGPROFILE: 'M70P2SM8',\n    USERNAME: 'Administrator',\n    USERPROFILE: 'C:\\\\Users\\\\Administrator',\n    WEBIDE_VM_OPTIONS: 'D:\\\\tools\\\\idea\\\\win\\\\jetbra\\\\vmoptions\\\\webide.vmoptions',\n    WEBSTORM_VM_OPTIONS: 'D:\\\\tools\\\\idea\\\\win\\\\jetbra\\\\vmoptions\\\\webstorm.vmoptions',\n    windir: 'C:\\\\Windows',\n    WORKSPACE_DIR: 'C:\\\\Users\\\\Administrator\\\\.hvigor\\\\project_caches\\\\6db23d942555e8040ab21010308d86e3\\\\workspace',\n    ZES_ENABLE_SYSMAN: '1'\n  },\n  analyze: 'normal'\n}",
        "description": "",
        "type": "log"
      },
      "body": {
        "pid": 27212,
        "tid": "Main Thread",
        "startTime": 115699081101900
      },
      "additional": {
        "logType": "debug",
        "children": []
      }
    },
    {
      "head": {
        "id": "7e8e48d9-3580-4b90-a1c3-017555f41af4",
        "name": "\"buildFinished\" hook function",
        "description": "",
        "type": "log"
      },
      "body": {
        "pid": 27212,
        "tid": "Main Thread",
        "startTime": 115699079754400,
        "endTime": 115699081303700
      },
      "additional": {
        "logType": "info",
        "children": [],
        "durationId": "c2b2e8fd-307c-42ab-986f-e29dc1841b24"
      }
    },
    {
      "head": {
        "id": "826a268a-d45a-42a1-b409-c4dede5e6234",
        "name": "",
        "description": "",
        "type": "mark"
      },
      "body": {
        "pid": 27212,
        "tid": "Main Thread",
        "startTime": 115694137933900,
        "endTime": 115699083265000
      },
      "additional": {
        "time": {
          "year": 2025,
          "month": 4,
          "day": 8,
          "hour": 17,
          "minute": 14
        },
        "completeCommand": "{\"prop\":[\"product=default\"],\"sync\":true,\"parallel\":true,\"incremental\":true,\"daemon\":false,\"_\":[],\"analyze\":\"normal\"};--sync -p product=default --analyze=normal --parallel --incremental --no-daemon",
        "hvigorVersion": "5.15.1",
        "markType": "history",
        "nodeVersion": "v18.20.1",
        "category": "build",
        "state": "failed"
      }
    },
    {
      "head": {
        "id": "fa720859-c743-418f-9a08-570e81cde1e4",
        "name": "BUILD FAILED in 4 s 944 ms ",
        "description": "",
        "type": "log"
      },
      "body": {
        "pid": 27212,
        "tid": "Main Thread",
        "startTime": 115699083356200
      },
      "additional": {
        "logType": "error",
        "children": []
      }
    }
  ]
}