{
  "version": "2.0",
  "ppid": 41176,
  "events": [
    {
      "head": {
        "id": "0844717d-4189-41e1-9f4f-b664302a86d3",
        "name": "watch worker: worker id should be larger than 0. Nothing will be sent to any worker thread.",
        "description": "",
        "type": "log"
      },
      "body": {
        "pid": 42588,
        "tid": "Main Thread",
        "startTime": 115719539615300
      },
      "additional": {
        "logType": "debug",
        "children": []
      }
    },
    {
      "head": {
        "id": "95d12918-df3a-4599-850e-660e174fa5de",
        "name": "init",
        "description": "Initialize and build task graph.",
        "type": "duration"
      },
      "body": {
        "pid": 42588,
        "tid": "Main Thread",
        "startTime": 115719549481000
      },
      "additional": {
        "children": [
          "b5dbc3b8-bb02-47fa-b5e1-cd49d23ce283",
          "834b473e-7249-4ba2-998f-e3685ec57cce",
          "36d14e81-ee04-4ddc-8068-a7beedd8fedd",
          "4aa444e8-b087-4964-9925-1df135e6249b",
          "1b915993-8c7f-4fa4-a9b4-58e4757aaac6",
          "b5709df6-6bd5-49b4-b345-94f0f11effad"
        ],
        "state": "running",
        "targetName": "",
        "moduleName": "",
        "category": "Init",
        "taskRunReasons": []
      },
      "log": {
        "_logger": {
          "category": "DurationEvent",
          "context": {},
          "callStackSkipIndex": 0
        },
        "_filelogger": {
          "category": "debug-file",
          "context": {},
          "callStackSkipIndex": 0
        },
        "anonymizeFileLogger": {
          "fileLogger": {
            "category": "debug-file",
            "context": {},
            "callStackSkipIndex": 0
          }
        }
      }
    },
    {
      "head": {
        "id": "b5dbc3b8-bb02-47fa-b5e1-cd49d23ce283",
        "name": "create hvigor project model",
        "description": "Initialize hvigor project model.",
        "type": "duration"
      },
      "body": {
        "pid": 42588,
        "tid": "Main Thread",
        "startTime": 115719549486600,
        "endTime": 115719570856400
      },
      "additional": {
        "children": [],
        "state": "success",
        "targetName": "",
        "moduleName": "",
        "category": "",
        "taskRunReasons": [],
        "parent": "95d12918-df3a-4599-850e-660e174fa5de",
        "logId": "9f0d9d74-62bb-408e-be5c-2fb12857f3a1"
      },
      "log": {
        "_logger": {
          "category": "DurationEvent",
          "context": {},
          "callStackSkipIndex": 0
        },
        "_filelogger": {
          "category": "debug-file",
          "context": {},
          "callStackSkipIndex": 0
        },
        "anonymizeFileLogger": {
          "fileLogger": {
            "category": "debug-file",
            "context": {},
            "callStackSkipIndex": 0
          }
        }
      }
    },
    {
      "head": {
        "id": "834b473e-7249-4ba2-998f-e3685ec57cce",
        "name": "configure hvigor plugin",
        "description": "Configure hvigor plugin.",
        "type": "duration"
      },
      "body": {
        "pid": 42588,
        "tid": "Main Thread",
        "startTime": 115719570881200
      },
      "additional": {
        "children": [
          "d988b4d2-a0ef-4842-8c2b-a88c180eed0a",
          "7a1feb58-07fc-4858-86bb-302ef6e992bd",
          "62dd9b30-abb1-4954-9d78-74d22bd02150",
          "e02de432-a4a6-4e94-a0fb-d57c21922343",
          "db00cde2-8135-4312-bfd3-e70723dbb9cc",
          "7539a3d0-a218-4af2-b9ca-eff711315960",
          "227801bf-9ce7-4525-bc2f-48de1c6fd752",
          "a8c21f56-13c9-4815-87d3-d8ebbd66b94f"
        ],
        "state": "running",
        "targetName": "",
        "moduleName": "",
        "category": "",
        "taskRunReasons": [],
        "parent": "95d12918-df3a-4599-850e-660e174fa5de"
      },
      "log": {
        "_logger": {
          "category": "DurationEvent",
          "context": {},
          "callStackSkipIndex": 0
        },
        "_filelogger": {
          "category": "debug-file",
          "context": {},
          "callStackSkipIndex": 0
        },
        "anonymizeFileLogger": {
          "fileLogger": {
            "category": "debug-file",
            "context": {},
            "callStackSkipIndex": 0
          }
        }
      }
    },
    {
      "head": {
        "id": "1b915993-8c7f-4fa4-a9b4-58e4757aaac6",
        "name": "\"configEvaluated\" hook function",
        "description": "",
        "type": "duration"
      },
      "body": {
        "pid": 42588,
        "tid": "Main Thread",
        "startTime": 115719555185600,
        "endTime": 115719555540900
      },
      "additional": {
        "children": [],
        "state": "success",
        "targetName": "",
        "moduleName": "",
        "category": "",
        "taskRunReasons": [],
        "parent": "95d12918-df3a-4599-850e-660e174fa5de",
        "logId": "61cbb2c0-3e6b-4e2e-a56f-53b4d0a34c9e"
      },
      "log": {
        "_logger": {
          "category": "DurationEvent",
          "context": {},
          "callStackSkipIndex": 0
        },
        "_filelogger": {
          "category": "debug-file",
          "context": {},
          "callStackSkipIndex": 0
        },
        "anonymizeFileLogger": {
          "fileLogger": {
            "category": "debug-file",
            "context": {},
            "callStackSkipIndex": 0
          }
        }
      }
    },
    {
      "head": {
        "id": "61cbb2c0-3e6b-4e2e-a56f-53b4d0a34c9e",
        "name": "\"configEvaluated\" hook function",
        "description": "",
        "type": "log"
      },
      "body": {
        "pid": 42588,
        "tid": "Main Thread",
        "startTime": 115719555185600,
        "endTime": 115719555540900
      },
      "additional": {
        "logType": "info",
        "children": [],
        "durationId": "1b915993-8c7f-4fa4-a9b4-58e4757aaac6"
      }
    },
    {
      "head": {
        "id": "b5709df6-6bd5-49b4-b345-94f0f11effad",
        "name": "\"nodesInitialized\" hook function",
        "description": "",
        "type": "duration"
      },
      "body": {
        "pid": 42588,
        "tid": "Main Thread",
        "startTime": 115719564788500,
        "endTime": 115719564852600
      },
      "additional": {
        "children": [],
        "state": "success",
        "targetName": "",
        "moduleName": "",
        "category": "",
        "taskRunReasons": [],
        "parent": "95d12918-df3a-4599-850e-660e174fa5de",
        "logId": "09d07479-fbfc-4cda-8e8c-9154d9dcaa38"
      },
      "log": {
        "_logger": {
          "category": "DurationEvent",
          "context": {},
          "callStackSkipIndex": 0
        },
        "_filelogger": {
          "category": "debug-file",
          "context": {},
          "callStackSkipIndex": 0
        },
        "anonymizeFileLogger": {
          "fileLogger": {
            "category": "debug-file",
            "context": {},
            "callStackSkipIndex": 0
          }
        }
      }
    },
    {
      "head": {
        "id": "09d07479-fbfc-4cda-8e8c-9154d9dcaa38",
        "name": "\"nodesInitialized\" hook function",
        "description": "",
        "type": "log"
      },
      "body": {
        "pid": 42588,
        "tid": "Main Thread",
        "startTime": 115719564788500,
        "endTime": 115719564852600
      },
      "additional": {
        "logType": "info",
        "children": [],
        "durationId": "b5709df6-6bd5-49b4-b345-94f0f11effad"
      }
    },
    {
      "head": {
        "id": "a2360d93-7fc3-4c38-8ca6-057ccbcf961e",
        "name": "Hvigor init with startParameters:{\n  hvigorfileTypeCheck: false,\n  parallelExecution: true,\n  incrementalExecution: true,\n  printStackTrace: false,\n  daemon: true,\n  analyze: 0,\n  logLevel: Level { level: 20000, levelStr: 'INFO', colour: 'green' }\n}",
        "description": "",
        "type": "log"
      },
      "body": {
        "pid": 42588,
        "tid": "Main Thread",
        "startTime": 115719565499400
      },
      "additional": {
        "logType": "debug",
        "children": []
      }
    },
    {
      "head": {
        "id": "727f31cb-449c-4314-b3af-c4a67a60e062",
        "name": "Since current hvigor version 5.15.1 differs from last hvigor version \n      undefined, delete file-cache.json and task-cache.json.",
        "description": "",
        "type": "log"
      },
      "body": {
        "pid": 42588,
        "tid": "Main Thread",
        "startTime": 115719567678400
      },
      "additional": {
        "logType": "debug",
        "children": []
      }
    },
    {
      "head": {
        "id": "4b6489da-95ec-464c-ac7e-71ee26cc0ffe",
        "name": "Cache service initialization finished in 5 ms ",
        "description": "",
        "type": "log"
      },
      "body": {
        "pid": 42588,
        "tid": "Main Thread",
        "startTime": 115719570722100
      },
      "additional": {
        "logType": "debug",
        "children": []
      }
    },
    {
      "head": {
        "id": "9f0d9d74-62bb-408e-be5c-2fb12857f3a1",
        "name": "create hvigor project model",
        "description": "",
        "type": "log"
      },
      "body": {
        "pid": 42588,
        "tid": "Main Thread",
        "startTime": 115719549486600,
        "endTime": 115719570856400
      },
      "additional": {
        "logType": "info",
        "children": [],
        "durationId": "b5dbc3b8-bb02-47fa-b5e1-cd49d23ce283"
      }
    },
    {
      "head": {
        "id": "d988b4d2-a0ef-4842-8c2b-a88c180eed0a",
        "name": "init configuration",
        "description": "Initialize configuration.",
        "type": "duration"
      },
      "body": {
        "pid": 42588,
        "tid": "Main Thread",
        "startTime": 115719576837000,
        "endTime": 115719576882000
      },
      "additional": {
        "children": [],
        "state": "success",
        "targetName": "",
        "moduleName": "",
        "category": "",
        "taskRunReasons": [],
        "parent": "834b473e-7249-4ba2-998f-e3685ec57cce",
        "logId": "93ecdf80-e986-400e-91dd-2312947beb79"
      },
      "log": {
        "_logger": {
          "category": "DurationEvent",
          "context": {},
          "callStackSkipIndex": 0
        },
        "_filelogger": {
          "category": "debug-file",
          "context": {},
          "callStackSkipIndex": 0
        },
        "anonymizeFileLogger": {
          "fileLogger": {
            "category": "debug-file",
            "context": {},
            "callStackSkipIndex": 0
          }
        }
      }
    },
    {
      "head": {
        "id": "7a1feb58-07fc-4858-86bb-302ef6e992bd",
        "name": "configure project task",
        "description": "Configure project task.",
        "type": "duration"
      },
      "body": {
        "pid": 42588,
        "tid": "Main Thread",
        "startTime": 115719576923100,
        "endTime": 115719581697400
      },
      "additional": {
        "children": [],
        "state": "success",
        "targetName": "",
        "moduleName": "",
        "category": "",
        "taskRunReasons": [],
        "parent": "834b473e-7249-4ba2-998f-e3685ec57cce",
        "logId": "541418ef-2b31-489e-9469-7e88739e47fb"
      },
      "log": {
        "_logger": {
          "category": "DurationEvent",
          "context": {},
          "callStackSkipIndex": 0
        },
        "_filelogger": {
          "category": "debug-file",
          "context": {},
          "callStackSkipIndex": 0
        },
        "anonymizeFileLogger": {
          "fileLogger": {
            "category": "debug-file",
            "context": {},
            "callStackSkipIndex": 0
          }
        }
      }
    },
    {
      "head": {
        "id": "62dd9b30-abb1-4954-9d78-74d22bd02150",
        "name": "eval project",
        "description": "Evaluate project.",
        "type": "duration"
      },
      "body": {
        "pid": 42588,
        "tid": "Main Thread",
        "startTime": 115719581811100
      },
      "additional": {
        "children": [
          "5c9a6b9c-4952-4ebc-aa8d-53f51cf99753",
          "ff2811c5-8b39-4d30-9e20-432425c9297c"
        ],
        "state": "running",
        "targetName": "",
        "moduleName": "",
        "category": "",
        "taskRunReasons": [],
        "parent": "834b473e-7249-4ba2-998f-e3685ec57cce"
      },
      "log": {
        "_logger": {
          "category": "DurationEvent",
          "context": {},
          "callStackSkipIndex": 0
        },
        "_filelogger": {
          "category": "debug-file",
          "context": {},
          "callStackSkipIndex": 0
        },
        "anonymizeFileLogger": {
          "fileLogger": {
            "category": "debug-file",
            "context": {},
            "callStackSkipIndex": 0
          }
        }
      }
    },
    {
      "head": {
        "id": "93ecdf80-e986-400e-91dd-2312947beb79",
        "name": "init configuration",
        "description": "",
        "type": "log"
      },
      "body": {
        "pid": 42588,
        "tid": "Main Thread",
        "startTime": 115719576837000,
        "endTime": 115719576882000
      },
      "additional": {
        "logType": "info",
        "children": [],
        "durationId": "d988b4d2-a0ef-4842-8c2b-a88c180eed0a"
      }
    },
    {
      "head": {
        "id": "541418ef-2b31-489e-9469-7e88739e47fb",
        "name": "configure project task",
        "description": "",
        "type": "log"
      },
      "body": {
        "pid": 42588,
        "tid": "Main Thread",
        "startTime": 115719576923100,
        "endTime": 115719581697400
      },
      "additional": {
        "logType": "info",
        "children": [],
        "durationId": "7a1feb58-07fc-4858-86bb-302ef6e992bd"
      }
    },
    {
      "head": {
        "id": "5c9a6b9c-4952-4ebc-aa8d-53f51cf99753",
        "name": "\"beforeNodeEvaluate\" hook function",
        "description": "",
        "type": "duration"
      },
      "body": {
        "pid": 42588,
        "tid": "Main Thread",
        "startTime": 115719582689100,
        "endTime": 115719582841300
      },
      "additional": {
        "children": [],
        "state": "success",
        "targetName": "",
        "moduleName": "",
        "category": "",
        "taskRunReasons": [],
        "parent": "62dd9b30-abb1-4954-9d78-74d22bd02150",
        "logId": "7580d3bb-d81d-4c43-a545-3ce5b93864fa"
      },
      "log": {
        "_logger": {
          "category": "DurationEvent",
          "context": {},
          "callStackSkipIndex": 0
        },
        "_filelogger": {
          "category": "debug-file",
          "context": {},
          "callStackSkipIndex": 0
        },
        "anonymizeFileLogger": {
          "fileLogger": {
            "category": "debug-file",
            "context": {},
            "callStackSkipIndex": 0
          }
        }
      }
    },
    {
      "head": {
        "id": "7580d3bb-d81d-4c43-a545-3ce5b93864fa",
        "name": "\"beforeNodeEvaluate\" hook function",
        "description": "",
        "type": "log"
      },
      "body": {
        "pid": 42588,
        "tid": "Main Thread",
        "startTime": 115719582689100,
        "endTime": 115719582841300
      },
      "additional": {
        "logType": "info",
        "children": [],
        "durationId": "5c9a6b9c-4952-4ebc-aa8d-53f51cf99753"
      }
    },
    {
      "head": {
        "id": "ff2811c5-8b39-4d30-9e20-432425c9297c",
        "name": "eval hvigorfile",
        "description": "Evaluate hvigorfile.",
        "type": "duration"
      },
      "body": {
        "pid": 42588,
        "tid": "Main Thread",
        "startTime": 115719586003200
      },
      "additional": {
        "children": [
          "e6f57602-8589-4f85-8530-27480ee16764",
          "f0f0c48a-ad0f-4250-bebe-eac80be06eff"
        ],
        "state": "running",
        "targetName": "",
        "moduleName": "",
        "category": "",
        "taskRunReasons": [],
        "parent": "62dd9b30-abb1-4954-9d78-74d22bd02150"
      },
      "log": {
        "_logger": {
          "category": "DurationEvent",
          "context": {},
          "callStackSkipIndex": 0
        },
        "_filelogger": {
          "category": "debug-file",
          "context": {},
          "callStackSkipIndex": 0
        },
        "anonymizeFileLogger": {
          "fileLogger": {
            "category": "debug-file",
            "context": {},
            "callStackSkipIndex": 0
          }
        }
      }
    },
    {
      "head": {
        "id": "e6f57602-8589-4f85-8530-27480ee16764",
        "name": "require hvigorfile",
        "description": "Require hvigorfile.",
        "type": "duration"
      },
      "body": {
        "pid": 42588,
        "tid": "Main Thread",
        "startTime": 115719586006300,
        "endTime": 115723267238000
      },
      "additional": {
        "children": [],
        "state": "success",
        "targetName": "",
        "moduleName": "",
        "category": "",
        "taskRunReasons": [],
        "parent": "ff2811c5-8b39-4d30-9e20-432425c9297c",
        "logId": "5709f20f-d389-494c-ac40-6ed75dd9096e"
      },
      "log": {
        "_logger": {
          "category": "DurationEvent",
          "context": {},
          "callStackSkipIndex": 0
        },
        "_filelogger": {
          "category": "debug-file",
          "context": {},
          "callStackSkipIndex": 0
        },
        "anonymizeFileLogger": {
          "fileLogger": {
            "category": "debug-file",
            "context": {},
            "callStackSkipIndex": 0
          }
        }
      }
    },
    {
      "head": {
        "id": "f0f0c48a-ad0f-4250-bebe-eac80be06eff",
        "name": "bind plugins",
        "description": "Bind plugins.",
        "type": "duration"
      },
      "body": {
        "pid": 42588,
        "tid": "Main Thread",
        "startTime": 115723267261100
      },
      "additional": {
        "children": [],
        "state": "running",
        "targetName": "",
        "moduleName": "",
        "category": "",
        "taskRunReasons": [],
        "parent": "ff2811c5-8b39-4d30-9e20-432425c9297c"
      },
      "log": {
        "_logger": {
          "category": "DurationEvent",
          "context": {},
          "callStackSkipIndex": 0
        },
        "_filelogger": {
          "category": "debug-file",
          "context": {},
          "callStackSkipIndex": 0
        },
        "anonymizeFileLogger": {
          "fileLogger": {
            "category": "debug-file",
            "context": {},
            "callStackSkipIndex": 0
          }
        }
      }
    },
    {
      "head": {
        "id": "61851f9f-601f-405c-8c78-bcbfbfbf30a0",
        "name": "hvigorfile, resolving D:\\openharmony_ws\\OpenHarmony-5.0-Release\\applications_permission_manager\\applications_permission_manager\\hvigorfile.js",
        "description": "",
        "type": "log"
      },
      "body": {
        "pid": 42588,
        "tid": "Main Thread",
        "startTime": 115719586014900
      },
      "additional": {
        "logType": "debug",
        "children": []
      }
    },
    {
      "head": {
        "id": "4968c412-e6e6-4dfa-97de-3ab3f6c545b9",
        "name": "hvigorfile, require result:  [Function: appTasks]",
        "description": "",
        "type": "log"
      },
      "body": {
        "pid": 42588,
        "tid": "Main Thread",
        "startTime": 115723267112400
      },
      "additional": {
        "logType": "debug",
        "children": []
      }
    },
    {
      "head": {
        "id": "5709f20f-d389-494c-ac40-6ed75dd9096e",
        "name": "require hvigorfile",
        "description": "",
        "type": "log"
      },
      "body": {
        "pid": 42588,
        "tid": "Main Thread",
        "startTime": 115719586006300,
        "endTime": 115723267238000
      },
      "additional": {
        "logType": "info",
        "children": [],
        "durationId": "e6f57602-8589-4f85-8530-27480ee16764"
      }
    },
    {
      "head": {
        "id": "581ca054-34d1-48e0-a574-983aa7ca9b12",
        "name": "hvigorfile, binding system plugins [Function: appTasks]",
        "description": "",
        "type": "log"
      },
      "body": {
        "pid": 42588,
        "tid": "Main Thread",
        "startTime": 115723267352800
      },
      "additional": {
        "logType": "debug",
        "children": []
      }
    },
    {
      "head": {
        "id": "764c1205-0c86-468d-b143-0d13bc9cbc27",
        "name": "Schema D:\\openharmony_ws\\OpenHarmony-5.0-Release\\applications_permission_manager\\applications_permission_manager\\build-profile.json5 success.",
        "description": "",
        "type": "log"
      },
      "body": {
        "pid": 42588,
        "tid": "Main Thread",
        "startTime": 115723387889400
      },
      "additional": {
        "logType": "debug",
        "children": []
      }
    },
    {
      "head": {
        "id": "08cf9efe-43d6-4c63-877d-554ee7e079e7",
        "name": "hvigor build process will be closed with an error.",
        "description": "",
        "type": "log"
      },
      "body": {
        "pid": 42588,
        "tid": "Main Thread",
        "startTime": 115723392076800
      },
      "additional": {
        "logType": "debug",
        "children": []
      }
    },
    {
      "head": {
        "id": "bc683418-b1a2-4fbd-ba56-e4b0f06174a3",
        "name": "ERROR: stacktrace = TypeError: Cannot read properties of undefined (reading 'bind')\n    at bindSystemPlugins (C:\\Program Files\\Huawei\\DevEco Studio\\tools\\hvigor\\hvigor\\src\\base\\internal\\lifecycle\\configuration.js:1:5986)\n    at process.processTicksAndRejections (node:internal/process/task_queues:95:5)\n    at async evaluateNodeVigorFile (C:\\Program Files\\Huawei\\DevEco Studio\\tools\\hvigor\\hvigor\\src\\base\\internal\\lifecycle\\configuration.js:1:8454)\n    at async evalProject (C:\\Program Files\\Huawei\\DevEco Studio\\tools\\hvigor\\hvigor\\src\\base\\internal\\lifecycle\\configuration.js:1:3489)\n    at async configuration (C:\\Program Files\\Huawei\\DevEco Studio\\tools\\hvigor\\hvigor\\src\\base\\internal\\lifecycle\\configuration.js:1:2241)\n    at async start (C:\\Program Files\\Huawei\\DevEco Studio\\tools\\hvigor\\hvigor\\src\\base\\boot\\index.js:1:2537)\n    at async boot (C:\\Program Files\\Huawei\\DevEco Studio\\tools\\hvigor\\hvigor\\src\\base\\boot\\index.js:1:1756)\n    at async Worker.<anonymous> (C:\\Program Files\\Huawei\\DevEco Studio\\tools\\hvigor\\hvigor\\src\\base\\daemon\\cluster\\worker-process-lifecycle.js:1:3316)",
        "description": "",
        "type": "log"
      },
      "body": {
        "pid": 42588,
        "tid": "Main Thread",
        "startTime": 115723610642700
      },
      "additional": {
        "logType": "debug",
        "children": []
      }
    },
    {
      "head": {
        "id": "d1bc400e-1c3b-4176-a427-f561762902a5",
        "name": "\"buildFinished\" hook function",
        "description": "",
        "type": "duration"
      },
      "body": {
        "pid": 42588,
        "tid": "Main Thread",
        "startTime": 115723621498400,
        "endTime": 115723621545300
      },
      "additional": {
        "children": [],
        "state": "success",
        "targetName": "",
        "moduleName": "",
        "category": "",
        "taskRunReasons": [],
        "parent": "c76bf4ce-2fae-4e4f-b111-a819b816ea05",
        "logId": "129d45d2-65be-4023-a9b0-7e6603d8e932"
      },
      "log": {
        "_logger": {
          "category": "DurationEvent",
          "context": {},
          "callStackSkipIndex": 0
        },
        "_filelogger": {
          "category": "debug-file",
          "context": {},
          "callStackSkipIndex": 0
        },
        "anonymizeFileLogger": {
          "fileLogger": {
            "category": "debug-file",
            "context": {},
            "callStackSkipIndex": 0
          }
        }
      }
    },
    {
      "head": {
        "id": "129d45d2-65be-4023-a9b0-7e6603d8e932",
        "name": "\"buildFinished\" hook function",
        "description": "",
        "type": "log"
      },
      "body": {
        "pid": 42588,
        "tid": "Main Thread",
        "startTime": 115723621498400,
        "endTime": 115723621545300
      },
      "additional": {
        "logType": "info",
        "children": [],
        "durationId": "d1bc400e-1c3b-4176-a427-f561762902a5"
      }
    },
    {
      "head": {
        "id": "31344f64-343c-4ac3-a14a-d2b21d810903",
        "name": "",
        "description": "",
        "type": "mark"
      },
      "body": {
        "pid": 42588,
        "tid": "Main Thread",
        "startTime": 115719545668900,
        "endTime": 115723622841200
      },
      "additional": {
        "time": {
          "year": 2025,
          "month": 4,
          "day": 8,
          "hour": 17,
          "minute": 14
        },
        "completeCommand": "{\"prop\":[\"product=default\"],\"sync\":true,\"parallel\":true,\"incremental\":true,\"daemon\":true,\"_\":[],\"analyze\":\"normal\"};",
        "hvigorVersion": "5.15.1",
        "markType": "history",
        "nodeVersion": "v18.20.1",
        "category": "build",
        "state": "failed"
      }
    },
    {
      "head": {
        "id": "fad586d2-5f0d-4776-9f53-f769332db142",
        "name": "BUILD FAILED in 4 s 76 ms ",
        "description": "",
        "type": "log"
      },
      "body": {
        "pid": 42588,
        "tid": "Main Thread",
        "startTime": 115723622948600
      },
      "additional": {
        "logType": "error",
        "children": []
      }
    }
  ]
}