{
  "name": "@ohos/camera",
  "description": "Camera app for standard system.",
  "version": "3.0",
  "license": "Apache License 2.0",
  "publishAs": "code-segment",
  "segment": {
    "destPath": "applications/standard/camera"
  },
  "dirs": {},
  "scripts": {},
  "component": {
    "name": "camera",
    "subsystem": "applications",
    "syscap": [],
    "features": [],
    "adapted_system_type": [
      "standard"
    ],
    "rom": "0KB",
    "ram": "0KB",
    "deps": {
      "components": [],
      "third_party": []
    },
    "build": {
      "sub_component": [],
      "inner_kits": [],
      "test": []
    }
  }
}