{
  "module": {
    "name": "mobiledatasettings",
    "type": "feature",
    "srcEntrance": "./ets/Application/MyAbilityStage.ts",
    "description": "$string:app_name",
    "mainElement": "com.ohos.mobiledatasettings.MainAbility",
    "deviceTypes": [
      "default",
      "tablet"
    ],
    "deliveryWithInstall": true,
    "installationFree": false,
    "pages": "$profile:main_pages",
    "metadata": [
      {
        "name": "ArkTSPartialUpdate",
        "value": "true"
      }
    ],
    "abilities": [
      {
        "name": "com.ohos.mobiledatasettings.MainAbility",
        "srcEntrance": "./ets/MainAbility/MainAbility.ts",
        "description": "$string:mainability_description",
        "icon": "$media:app_icon",
        "label": "$string:mainability_description",
        "startWindowIcon": "$media:app_icon",
        "startWindowBackground": "$color:white",
        "visible": true
      }
    ],
    "requestPermissions" : [
      {
        "name": "ohos.permission.GET_NETWORK_INFO",
        "reason": "$string:GET_NETWORK_INFO"
      },
      {
        "name": "ohos.permission.SET_TELEPHONY_STATE",
        "reason": "$string:SET_TELEPHONY_STATE"
      },
      {
        "name": "ohos.permission.GET_TELEPHONY_STATE",
        "reason": "$string:GET_TELEPHONY_STATE"
      },
      {
        "name": "ohos.permission.MANAGE_SECURE_SETTINGS",
        "reason": "$string:MANAGE_SECURE_SETTINGS"
      }
    ]
  }
}