{
    "string":[
        {
            "name":"SecurityTitle_mediaFiles",
            "value":"Accès privé à Galerie",
            "attr":{
                "priority":"translate"
            }
        },
        {
            "name":"SecurityDescription_location",
            "value":"Pour protéger votre vie privée, %s ne peut accéder brièvement à vos informations de localisation que lorsque vous touchez Autoriser.",
            "attr":{
                "priority":"translate"
            }
        },
        {
            "name":"allow",
            "value":"Autoriser",
            "attr":{
                "priority":"translate"
            }
        },
        {
            "name":"SecurityDescription_mediaFiles",
            "value":"Pour protéger votre vie privée, %s ne peut accéder brièvement à Galerie pour enregistrer des éléments que lorsque vous touchez Autoriser.",
            "attr":{
                "priority":"translate"
            }
        },
        {
            "name":"SecurityTitle_location",
            "value":"Accès privé aux informations de localisation",
            "attr":{
                "priority":"translate"
            }
        },
        {
            "name":"cancel",
            "value":"Annuler",
            "attr":{
                "priority":"translate"
            }
        },
        {
            "name":"SecurityText_location",
            "value":"Pour protéger votre vie privée, %1$s%2$s ne peut accéder brièvement à votre localisation que lorsque vous touchez Autoriser.",
            "attr":{
                "priority":"translate"
            }
        },
        {
            "name":"SecurityText_mediaFiles",
            "value":"Pour protéger votre vie privée, %1$s%2$s ne peut accéder brièvement à Galerie pour enregistrer des éléments que lorsque vous touchez Autoriser.",
            "attr":{
                "priority":"translate"
            }
        }
    ]
}