{
    "string":[
        {
            "name":"SecurityTitle_mediaFiles",
            "value":"ギャラリーへのプライベートアクセス",
            "attr":{
                "priority":"translate"
            }
        },
        {
            "name":"SecurityDescription_location",
            "value":"プライバシー保護のため、[許可]をタップした場合、%sは位置情報に短時間だけアクセスできます。",
            "attr":{
                "priority":"translate"
            }
        },
        {
            "name":"allow",
            "value":"許可",
            "attr":{
                "priority":"translate"
            }
        },
        {
            "name":"SecurityDescription_mediaFiles",
            "value":"プライバシー保護のため、[許可]をタップした場合、%sはギャラリーに短時間だけアクセスしてアイテムを保存できます。",
            "attr":{
                "priority":"translate"
            }
        },
        {
            "name":"SecurityTitle_location",
            "value":"位置情報へのプライベートアクセス",
            "attr":{
                "priority":"translate"
            }
        },
        {
            "name":"cancel",
            "value":"キャンセル",
            "attr":{
                "priority":"translate"
            }
        },
        {
            "name":"SecurityText_location",
            "value":"プライバシー保護のため、[許可]をタップした場合、%1$s%2$sは位置情報に短時間だけアクセスできます。",
            "attr":{
                "priority":"translate"
            }
        },
        {
            "name":"SecurityText_mediaFiles",
            "value":"プライバシー保護のため、[許可]をタップした場合、%1$s%2$sはギャラリーに短時間だけアクセスしてアイテムを保存できます。",
            "attr":{
                "priority":"translate"
            }
        }
    ]
}