{
  "string": [
    {
      "name": "mainability_description",
      "value": "Mobile data settings"
    },
    {
      "name": "mobile_data",
      "value": "mobile data"
    },
    {
      "name": "mobile_data_charges",
      "value": "After activation, the charges incurred are charged by the operator"
    },
    {
      "name": "mobile_data_general",
      "value": "Be in common use"
    },
    {
      "name": "mobile_data_cancel",
      "value": "cancel"
    },
    {
      "name": "mobile_data_card1",
      "value": "Card 1 network"
    },
    {
      "name": "mobile_data_card2",
      "value": "Card 2 network"
    },
    {
      "name": "mobile_data_network",
      "value": "Network"
    },
    {
      "name": "mobile_data_dataRoaming",
      "value": "Data roaming"
    },
    {
      "name": "mobile_data_enableDataWhileRoaming",
      "value": "Enable data service during roaming"
    },
    {
      "name": "mobile_data_netFive",
      "value": "Enable 5G"
    },
    {
      "name": "mobile_data_accessPointNamesAPN",
      "value": "Access Point Name APN"
    },
    {
      "name": "mobile_data_networkProvider",
      "value": "Network operator"
    },
    {
      "name": "mobile_data_chooseNetworkProvider",
      "value": "Manual or automatic selection"
    },
    {
      "name": "mobile_data_more",
      "value": "Senior"
    },
    {
      "name": "mobile_data_fiveAuto",
      "value": "5G Network First"
    },
    {
      "name": "mobile_data_fourAuto",
      "value": "4G Network First"
    },
    {
      "name": "mobile_data_threeAuto",
      "value": "3G Network First"
    },
    {
      "name": "mobile_data_twoOnly",
      "value": "2G only"
    },
    {
      "name": "mobile_data_automaticRecognition",
      "value": "Automatic recognition"
    },
    {
      "name": "mobile_data_preferredNetwork",
      "value": "Preferred network"
    },
    {
      "name": "mobile_data_closeAutoSelect",
      "value": "Turn off automatic selection"
    },
    {
      "name": "mobile_data_whetherToClose",
      "value": "After closing, the operator selected manually will be used for registration, and other operators will not be selected automatically. This may cause the network service to be unavailable. Close?"
    },
    {
      "name": "mobile_data_networkMode",
      "value": "Network mode"
    },
    {
      "name": "mobile_data_apnOpen",
      "value": "APN ON"
    },
    {
      "name": "mobile_data_apnName",
      "value": "Name"
    },
    {
      "name": "mobile_data_notSet",
      "value": "Not set"
    },
    {
      "name": "mobile_data_volte",
      "value": "VoLTE HD call"
    },
    {
      "name": "mobile_data_confirmation_function",
      "value": "Confirm to the operator that this function is enabled before enabling, otherwise normal calls may be affected"
    },
    {
      "name": "mobile_data_5g",
      "value": "5G/4G/3G/2G automatic selection"
    },
    {
      "name": "mobile_data_4g",
      "value": "4G/3G/2G automatic selection"
    },
    {
      "name": "mobile_data_3g",
      "value": "3G/2G automatic selection"
    },
    {
      "name": "mobile_data_only_5g",
      "value": "5G only"
    },
    {
      "name": "mobile_data_only_4g",
      "value": "4G only"
    },
    {
      "name": "mobile_data_only_3g",
      "value": "3G only"
    },
    {
      "name": "mobile_data_2g",
      "value": "2G only"
    },
    {
      "name": "mobile_data_tips",
      "value": "be careful"
    },
    {
      "name": "mobile_data_turn_on_data_roaming",
      "value": "Enabling data roaming may incur roaming charges. Open?"
    },
    {
      "name": "cancel_space",
      "value": "cancel"
    },
    {
      "name": "confim_space",
      "value": "Confim"
    },
    {
      "name": "GET_NETWORK_INFO",
      "value": "get network info"
    },
    {
      "name": "SET_TELEPHONY_STATE",
      "value": "set telephony state"
    },
    {
      "name": "GET_TELEPHONY_STATE",
      "value": "get telephony state"
    },
    {
      "name": "mobile_empty_string",
      "value": " "
    },
    {
      "name": "MANAGE_SECURE_SETTINGS",
      "value": "manage secure settings"
    },
    {
      "name": "network_standard",
      "value": "Network Standard"
    },
    {
      "name": "network_standard_select",
      "value": "Select The Network Type"
    },
    {
      "name": "apn_title",
      "value": "APN Settings"
    },
    {
      "name": "apn_name",
      "value": "Name"
    },
    {
      "name": "apn_apn",
      "value": "APN"
    },
    {
      "name": "apn_proxy",
      "value": "Proxy"
    },
    {
      "name": "apn_port",
      "value": "Port"
    },
    {
      "name": "apn_auth_user",
      "value": "User Name"
    },
    {
      "name": "apn_auth_pwd",
      "value": "Auth Password"
    },
    {
      "name": "apn_server",
      "value": "Server"
    },
    {
      "name": "apn_mmsc",
      "value": "MMSC"
    },
    {
      "name": "apn_mms_proxy",
      "value": "MMS Proxy"
    },
    {
      "name": "apn_mms_port",
      "value": "MMS Port"
    },
    {
      "name": "apn_mcc",
      "value": "MCC"
    },
    {
      "name": "apn_mnc",
      "value": "MNC"
    },
    {
      "name": "apn_auth_type",
      "value": "Auth Type"
    },
    {
      "name": "apn_apn_types",
      "value": "APN Typs"
    },
    {
      "name": "apn_apn_protocol",
      "value": "APN Protocol"
    },
    {
      "name": "apn_apn_roam_protocol",
      "value": "APN Roam Protocol"
    },
    {
      "name": "apn_bearing_system_type",
      "value": "Bearing System Type"
    },
    {
      "name": "apn_mvno_type",
      "value": "MVNO Type"
    },
    {
      "name": "apn_mvno_match_data",
      "value": "MVNO Data"
    },
    {
      "name": "apn_add",
      "value": "Add APN"
    },
    {
      "name": "ok",
      "value": "ok"
    },
    {
      "name": "apn_cancel",
      "value": "cancel"
    },
    {
      "name": "apn_not_configured",
      "value": "Not Configured"
    },
    {
      "name": "apn_null",
      "value": "null"
    },
    {
      "name": "apn_tips_name_null",
      "value": "name is not null"
    },
    {
      "name": "apn_tips_apn_null",
      "value": "APN is not null"
    },
    {
      "name": "access_point_name",
      "value": "Access Point Name"
    },
    {
      "name": "apn_stttings",
      "value": "APN Settings"
    },
    {
      "name": "mobile_data_detail",
      "value": "mobile data detail"
    },
    {
      "name": "mobile_getSimTelephoneNumber",
      "value": "获取指定卡槽中SIM卡的MSISDN"
    },
    {
      "name": "mobile_data_auto_select_4g",
      "value": "automatic selection 4G/3G/2G"
    },
    {
      "name": "mobile_data_auto_select_3g",
      "value": "automatic selection 3G/2G"
    }
  ]
}